"edge","weight","b"
"PIJN__to__PIJN",0.331,1
"PIJN__to__THREAT",0.02,1
"PIJN__to__ATTEND",0.068,1
"PIJN__to__ENGAGE",-0.032,1
"THREAT__to__PIJN",0.104,1
"THREAT__to__THREAT",0.291,1
"THREAT__to__ATTEND",0.147,1
"THREAT__to__ENGAGE",-0.013,1
"ATTEND__to__PIJN",0.033,1
"ATTEND__to__THREAT",0.034,1
"ATTEND__to__ATTEND",0.158,1
"ATTEND__to__ENGAGE",0.016,1
"ENGAGE__to__PIJN",0.006,1
"ENGAGE__to__THREAT",-0.003,1
"ENGAGE__to__ATTEND",-0.01,1
"ENGAGE__to__ENGAGE",0.184,1
"PIJN__to__PIJN",0.312,2
"PIJN__to__THREAT",0.052,2
"PIJN__to__ATTEND",0.116,2
"PIJN__to__ENGAGE",-0.012,2
"THREAT__to__PIJN",0.081,2
"THREAT__to__THREAT",0.273,2
"THREAT__to__ATTEND",0.111,2
"THREAT__to__ENGAGE",0.001,2
"ATTEND__to__PIJN",0.065,2
"ATTEND__to__THREAT",0.046,2
"ATTEND__to__ATTEND",0.167,2
"ATTEND__to__ENGAGE",0.014,2
"ENGAGE__to__PIJN",0.009,2
"ENGAGE__to__THREAT",0.002,2
"ENGAGE__to__ATTEND",-0.005,2
"ENGAGE__to__ENGAGE",0.119,2
"PIJN__to__PIJN",0.308,3
"PIJN__to__THREAT",0.06,3
"PIJN__to__ATTEND",0.07,3
"PIJN__to__ENGAGE",-0.046,3
"THREAT__to__PIJN",0.085,3
"THREAT__to__THREAT",0.309,3
"THREAT__to__ATTEND",0.112,3
"THREAT__to__ENGAGE",-0.065,3
"ATTEND__to__PIJN",0.065,3
"ATTEND__to__THREAT",0.068,3
"ATTEND__to__ATTEND",0.262,3
"ATTEND__to__ENGAGE",0.052,3
"ENGAGE__to__PIJN",0.013,3
"ENGAGE__to__THREAT",0.001,3
"ENGAGE__to__ATTEND",0.029,3
"ENGAGE__to__ENGAGE",0.163,3
"PIJN__to__PIJN",0.375,4
"PIJN__to__THREAT",0.065,4
"PIJN__to__ATTEND",0.102,4
"PIJN__to__ENGAGE",0.016,4
"THREAT__to__PIJN",0.067,4
"THREAT__to__THREAT",0.258,4
"THREAT__to__ATTEND",0.098,4
"THREAT__to__ENGAGE",-0.02,4
"ATTEND__to__PIJN",0.024,4
"ATTEND__to__THREAT",0.075,4
"ATTEND__to__ATTEND",0.233,4
"ATTEND__to__ENGAGE",0.004,4
"ENGAGE__to__PIJN",0.028,4
"ENGAGE__to__THREAT",0.016,4
"ENGAGE__to__ATTEND",0.011,4
"ENGAGE__to__ENGAGE",0.13,4
"PIJN__to__PIJN",0.33,5
"PIJN__to__THREAT",0.042,5
"PIJN__to__ATTEND",0.078,5
"PIJN__to__ENGAGE",-0.025,5
"THREAT__to__PIJN",0.133,5
"THREAT__to__THREAT",0.272,5
"THREAT__to__ATTEND",0.141,5
"THREAT__to__ENGAGE",-0.025,5
"ATTEND__to__PIJN",0.013,5
"ATTEND__to__THREAT",0.07,5
"ATTEND__to__ATTEND",0.19,5
"ATTEND__to__ENGAGE",-0.008,5
"ENGAGE__to__PIJN",-0.017,5
"ENGAGE__to__THREAT",-0.008,5
"ENGAGE__to__ATTEND",-0.008,5
"ENGAGE__to__ENGAGE",0.156,5
"PIJN__to__PIJN",0.308,6
"PIJN__to__THREAT",0.041,6
"PIJN__to__ATTEND",0.05,6
"PIJN__to__ENGAGE",-0.008,6
"THREAT__to__PIJN",0.125,6
"THREAT__to__THREAT",0.277,6
"THREAT__to__ATTEND",0.147,6
"THREAT__to__ENGAGE",-0.024,6
"ATTEND__to__PIJN",0.045,6
"ATTEND__to__THREAT",0.044,6
"ATTEND__to__ATTEND",0.183,6
"ATTEND__to__ENGAGE",0.01,6
"ENGAGE__to__PIJN",0.009,6
"ENGAGE__to__THREAT",0,6
"ENGAGE__to__ATTEND",-0.009,6
"ENGAGE__to__ENGAGE",0.144,6
"PIJN__to__PIJN",0.363,7
"PIJN__to__THREAT",0.045,7
"PIJN__to__ATTEND",0.096,7
"PIJN__to__ENGAGE",-0.052,7
"THREAT__to__PIJN",0.051,7
"THREAT__to__THREAT",0.284,7
"THREAT__to__ATTEND",0.115,7
"THREAT__to__ENGAGE",-0.035,7
"ATTEND__to__PIJN",0.048,7
"ATTEND__to__THREAT",0.081,7
"ATTEND__to__ATTEND",0.22,7
"ATTEND__to__ENGAGE",-0.005,7
"ENGAGE__to__PIJN",-0.007,7
"ENGAGE__to__THREAT",-0.013,7
"ENGAGE__to__ATTEND",-0.026,7
"ENGAGE__to__ENGAGE",0.198,7
"PIJN__to__PIJN",0.383,8
"PIJN__to__THREAT",0.031,8
"PIJN__to__ATTEND",0.092,8
"PIJN__to__ENGAGE",-0.042,8
"THREAT__to__PIJN",0.087,8
"THREAT__to__THREAT",0.285,8
"THREAT__to__ATTEND",0.142,8
"THREAT__to__ENGAGE",-0.019,8
"ATTEND__to__PIJN",0.041,8
"ATTEND__to__THREAT",0.05,8
"ATTEND__to__ATTEND",0.188,8
"ATTEND__to__ENGAGE",-0.016,8
"ENGAGE__to__PIJN",0.016,8
"ENGAGE__to__THREAT",0.011,8
"ENGAGE__to__ATTEND",0.019,8
"ENGAGE__to__ENGAGE",0.142,8
"PIJN__to__PIJN",0.354,9
"PIJN__to__THREAT",0.075,9
"PIJN__to__ATTEND",0.102,9
"PIJN__to__ENGAGE",-0.064,9
"THREAT__to__PIJN",0.09,9
"THREAT__to__THREAT",0.311,9
"THREAT__to__ATTEND",0.104,9
"THREAT__to__ENGAGE",0.011,9
"ATTEND__to__PIJN",0.021,9
"ATTEND__to__THREAT",0.044,9
"ATTEND__to__ATTEND",0.197,9
"ATTEND__to__ENGAGE",0.019,9
"ENGAGE__to__PIJN",0.024,9
"ENGAGE__to__THREAT",0.02,9
"ENGAGE__to__ATTEND",0.018,9
"ENGAGE__to__ENGAGE",0.181,9
"PIJN__to__PIJN",0.358,10
"PIJN__to__THREAT",0.03,10
"PIJN__to__ATTEND",0.085,10
"PIJN__to__ENGAGE",-0.056,10
"THREAT__to__PIJN",0.058,10
"THREAT__to__THREAT",0.29,10
"THREAT__to__ATTEND",0.143,10
"THREAT__to__ENGAGE",-0.03,10
"ATTEND__to__PIJN",0.035,10
"ATTEND__to__THREAT",0.061,10
"ATTEND__to__ATTEND",0.185,10
"ATTEND__to__ENGAGE",0.018,10
"ENGAGE__to__PIJN",0.003,10
"ENGAGE__to__THREAT",0.002,10
"ENGAGE__to__ATTEND",0.002,10
"ENGAGE__to__ENGAGE",0.172,10
"PIJN__to__PIJN",0.36,11
"PIJN__to__THREAT",0.027,11
"PIJN__to__ATTEND",0.077,11
"PIJN__to__ENGAGE",-0.058,11
"THREAT__to__PIJN",0.101,11
"THREAT__to__THREAT",0.291,11
"THREAT__to__ATTEND",0.152,11
"THREAT__to__ENGAGE",-0.077,11
"ATTEND__to__PIJN",0.003,11
"ATTEND__to__THREAT",0.045,11
"ATTEND__to__ATTEND",0.157,11
"ATTEND__to__ENGAGE",0.043,11
"ENGAGE__to__PIJN",-0.006,11
"ENGAGE__to__THREAT",-0.02,11
"ENGAGE__to__ATTEND",-0.012,11
"ENGAGE__to__ENGAGE",0.163,11
"PIJN__to__PIJN",0.378,12
"PIJN__to__THREAT",0.032,12
"PIJN__to__ATTEND",0.108,12
"PIJN__to__ENGAGE",-0.09,12
"THREAT__to__PIJN",0.092,12
"THREAT__to__THREAT",0.282,12
"THREAT__to__ATTEND",0.132,12
"THREAT__to__ENGAGE",-0.007,12
"ATTEND__to__PIJN",0.03,12
"ATTEND__to__THREAT",0.042,12
"ATTEND__to__ATTEND",0.181,12
"ATTEND__to__ENGAGE",0.056,12
"ENGAGE__to__PIJN",-0.007,12
"ENGAGE__to__THREAT",-0.005,12
"ENGAGE__to__ATTEND",0.011,12
"ENGAGE__to__ENGAGE",0.161,12
"PIJN__to__PIJN",0.371,13
"PIJN__to__THREAT",0.026,13
"PIJN__to__ATTEND",0.077,13
"PIJN__to__ENGAGE",-0.077,13
"THREAT__to__PIJN",0.058,13
"THREAT__to__THREAT",0.335,13
"THREAT__to__ATTEND",0.122,13
"THREAT__to__ENGAGE",0.044,13
"ATTEND__to__PIJN",0.089,13
"ATTEND__to__THREAT",0.074,13
"ATTEND__to__ATTEND",0.251,13
"ATTEND__to__ENGAGE",-0.007,13
"ENGAGE__to__PIJN",0.019,13
"ENGAGE__to__THREAT",0.013,13
"ENGAGE__to__ATTEND",0.014,13
"ENGAGE__to__ENGAGE",0.149,13
"PIJN__to__PIJN",0.364,14
"PIJN__to__THREAT",0.075,14
"PIJN__to__ATTEND",0.106,14
"PIJN__to__ENGAGE",-0.047,14
"THREAT__to__PIJN",0.06,14
"THREAT__to__THREAT",0.274,14
"THREAT__to__ATTEND",0.11,14
"THREAT__to__ENGAGE",-0.043,14
"ATTEND__to__PIJN",0.058,14
"ATTEND__to__THREAT",0.047,14
"ATTEND__to__ATTEND",0.217,14
"ATTEND__to__ENGAGE",0.045,14
"ENGAGE__to__PIJN",0,14
"ENGAGE__to__THREAT",-0.006,14
"ENGAGE__to__ATTEND",0.004,14
"ENGAGE__to__ENGAGE",0.143,14
"PIJN__to__PIJN",0.358,15
"PIJN__to__THREAT",0.036,15
"PIJN__to__ATTEND",0.082,15
"PIJN__to__ENGAGE",-0.079,15
"THREAT__to__PIJN",0.087,15
"THREAT__to__THREAT",0.295,15
"THREAT__to__ATTEND",0.173,15
"THREAT__to__ENGAGE",-0.008,15
"ATTEND__to__PIJN",0.052,15
"ATTEND__to__THREAT",0.058,15
"ATTEND__to__ATTEND",0.207,15
"ATTEND__to__ENGAGE",0.049,15
"ENGAGE__to__PIJN",0.005,15
"ENGAGE__to__THREAT",0,15
"ENGAGE__to__ATTEND",-0.009,15
"ENGAGE__to__ENGAGE",0.15,15
"PIJN__to__PIJN",0.353,16
"PIJN__to__THREAT",0.047,16
"PIJN__to__ATTEND",0.085,16
"PIJN__to__ENGAGE",-0.019,16
"THREAT__to__PIJN",0.093,16
"THREAT__to__THREAT",0.294,16
"THREAT__to__ATTEND",0.174,16
"THREAT__to__ENGAGE",-0.044,16
"ATTEND__to__PIJN",0.038,16
"ATTEND__to__THREAT",0.038,16
"ATTEND__to__ATTEND",0.172,16
"ATTEND__to__ENGAGE",0.013,16
"ENGAGE__to__PIJN",-0.004,16
"ENGAGE__to__THREAT",-0.001,16
"ENGAGE__to__ATTEND",-0.018,16
"ENGAGE__to__ENGAGE",0.193,16
"PIJN__to__PIJN",0.292,17
"PIJN__to__THREAT",0.032,17
"PIJN__to__ATTEND",0.083,17
"PIJN__to__ENGAGE",-0.04,17
"THREAT__to__PIJN",0.156,17
"THREAT__to__THREAT",0.312,17
"THREAT__to__ATTEND",0.112,17
"THREAT__to__ENGAGE",-0.031,17
"ATTEND__to__PIJN",0.034,17
"ATTEND__to__THREAT",0.033,17
"ATTEND__to__ATTEND",0.16,17
"ATTEND__to__ENGAGE",0.019,17
"ENGAGE__to__PIJN",0.005,17
"ENGAGE__to__THREAT",0,17
"ENGAGE__to__ATTEND",-0.006,17
"ENGAGE__to__ENGAGE",0.157,17
"PIJN__to__PIJN",0.355,18
"PIJN__to__THREAT",0.039,18
"PIJN__to__ATTEND",0.081,18
"PIJN__to__ENGAGE",-0.051,18
"THREAT__to__PIJN",0.057,18
"THREAT__to__THREAT",0.28,18
"THREAT__to__ATTEND",0.122,18
"THREAT__to__ENGAGE",-0.008,18
"ATTEND__to__PIJN",0.06,18
"ATTEND__to__THREAT",0.064,18
"ATTEND__to__ATTEND",0.226,18
"ATTEND__to__ENGAGE",0.019,18
"ENGAGE__to__PIJN",-0.002,18
"ENGAGE__to__THREAT",-0.006,18
"ENGAGE__to__ATTEND",-0.018,18
"ENGAGE__to__ENGAGE",0.166,18
"PIJN__to__PIJN",0.307,19
"PIJN__to__THREAT",0.035,19
"PIJN__to__ATTEND",0.098,19
"PIJN__to__ENGAGE",-0.052,19
"THREAT__to__PIJN",0.117,19
"THREAT__to__THREAT",0.335,19
"THREAT__to__ATTEND",0.125,19
"THREAT__to__ENGAGE",0.018,19
"ATTEND__to__PIJN",0.05,19
"ATTEND__to__THREAT",0.036,19
"ATTEND__to__ATTEND",0.194,19
"ATTEND__to__ENGAGE",0.046,19
"ENGAGE__to__PIJN",0.002,19
"ENGAGE__to__THREAT",0.001,19
"ENGAGE__to__ATTEND",0.019,19
"ENGAGE__to__ENGAGE",0.116,19
"PIJN__to__PIJN",0.307,20
"PIJN__to__THREAT",0.031,20
"PIJN__to__ATTEND",0.064,20
"PIJN__to__ENGAGE",-0.08,20
"THREAT__to__PIJN",0.105,20
"THREAT__to__THREAT",0.335,20
"THREAT__to__ATTEND",0.124,20
"THREAT__to__ENGAGE",-0.018,20
"ATTEND__to__PIJN",0.026,20
"ATTEND__to__THREAT",0.037,20
"ATTEND__to__ATTEND",0.207,20
"ATTEND__to__ENGAGE",0.049,20
"ENGAGE__to__PIJN",0.018,20
"ENGAGE__to__THREAT",0.005,20
"ENGAGE__to__ATTEND",0.012,20
"ENGAGE__to__ENGAGE",0.157,20
"PIJN__to__PIJN",0.386,21
"PIJN__to__THREAT",0.049,21
"PIJN__to__ATTEND",0.083,21
"PIJN__to__ENGAGE",-0.062,21
"THREAT__to__PIJN",0.094,21
"THREAT__to__THREAT",0.277,21
"THREAT__to__ATTEND",0.116,21
"THREAT__to__ENGAGE",-0.009,21
"ATTEND__to__PIJN",0.025,21
"ATTEND__to__THREAT",0.09,21
"ATTEND__to__ATTEND",0.232,21
"ATTEND__to__ENGAGE",-0.017,21
"ENGAGE__to__PIJN",-0.003,21
"ENGAGE__to__THREAT",-0.004,21
"ENGAGE__to__ATTEND",0.014,21
"ENGAGE__to__ENGAGE",0.144,21
"PIJN__to__PIJN",0.315,22
"PIJN__to__THREAT",0.05,22
"PIJN__to__ATTEND",0.065,22
"PIJN__to__ENGAGE",-0.008,22
"THREAT__to__PIJN",0.102,22
"THREAT__to__THREAT",0.245,22
"THREAT__to__ATTEND",0.107,22
"THREAT__to__ENGAGE",-0.007,22
"ATTEND__to__PIJN",0.009,22
"ATTEND__to__THREAT",0.053,22
"ATTEND__to__ATTEND",0.165,22
"ATTEND__to__ENGAGE",0.043,22
"ENGAGE__to__PIJN",-0.013,22
"ENGAGE__to__THREAT",-0.008,22
"ENGAGE__to__ATTEND",-0.018,22
"ENGAGE__to__ENGAGE",0.141,22
"PIJN__to__PIJN",0.32,23
"PIJN__to__THREAT",0.053,23
"PIJN__to__ATTEND",0.048,23
"PIJN__to__ENGAGE",-0.046,23
"THREAT__to__PIJN",0.052,23
"THREAT__to__THREAT",0.247,23
"THREAT__to__ATTEND",0.121,23
"THREAT__to__ENGAGE",0.007,23
"ATTEND__to__PIJN",0.057,23
"ATTEND__to__THREAT",0.071,23
"ATTEND__to__ATTEND",0.212,23
"ATTEND__to__ENGAGE",0.05,23
"ENGAGE__to__PIJN",0.017,23
"ENGAGE__to__THREAT",0.008,23
"ENGAGE__to__ATTEND",0.017,23
"ENGAGE__to__ENGAGE",0.14,23
"PIJN__to__PIJN",0.346,24
"PIJN__to__THREAT",0.049,24
"PIJN__to__ATTEND",0.102,24
"PIJN__to__ENGAGE",0.023,24
"THREAT__to__PIJN",0.125,24
"THREAT__to__THREAT",0.355,24
"THREAT__to__ATTEND",0.08,24
"THREAT__to__ENGAGE",-0.04,24
"ATTEND__to__PIJN",0.053,24
"ATTEND__to__THREAT",0.017,24
"ATTEND__to__ATTEND",0.211,24
"ATTEND__to__ENGAGE",-0.013,24
"ENGAGE__to__PIJN",0.001,24
"ENGAGE__to__THREAT",-0.002,24
"ENGAGE__to__ATTEND",0.002,24
"ENGAGE__to__ENGAGE",0.12,24
"PIJN__to__PIJN",0.339,25
"PIJN__to__THREAT",0.037,25
"PIJN__to__ATTEND",0.075,25
"PIJN__to__ENGAGE",-0.058,25
"THREAT__to__PIJN",0.066,25
"THREAT__to__THREAT",0.292,25
"THREAT__to__ATTEND",0.115,25
"THREAT__to__ENGAGE",0.027,25
"ATTEND__to__PIJN",0.046,25
"ATTEND__to__THREAT",0.057,25
"ATTEND__to__ATTEND",0.199,25
"ATTEND__to__ENGAGE",0.027,25
"ENGAGE__to__PIJN",0.004,25
"ENGAGE__to__THREAT",0.01,25
"ENGAGE__to__ATTEND",0.004,25
"ENGAGE__to__ENGAGE",0.123,25
"PIJN__to__PIJN",0.343,26
"PIJN__to__THREAT",0.044,26
"PIJN__to__ATTEND",0.073,26
"PIJN__to__ENGAGE",-0.006,26
"THREAT__to__PIJN",0.091,26
"THREAT__to__THREAT",0.286,26
"THREAT__to__ATTEND",0.129,26
"THREAT__to__ENGAGE",-0.02,26
"ATTEND__to__PIJN",0.047,26
"ATTEND__to__THREAT",0.045,26
"ATTEND__to__ATTEND",0.233,26
"ATTEND__to__ENGAGE",0.021,26
"ENGAGE__to__PIJN",0.01,26
"ENGAGE__to__THREAT",0.003,26
"ENGAGE__to__ATTEND",-0.002,26
"ENGAGE__to__ENGAGE",0.152,26
"PIJN__to__PIJN",0.376,27
"PIJN__to__THREAT",0.043,27
"PIJN__to__ATTEND",0.104,27
"PIJN__to__ENGAGE",-0.053,27
"THREAT__to__PIJN",0.088,27
"THREAT__to__THREAT",0.346,27
"THREAT__to__ATTEND",0.102,27
"THREAT__to__ENGAGE",0.026,27
"ATTEND__to__PIJN",0.02,27
"ATTEND__to__THREAT",0.018,27
"ATTEND__to__ATTEND",0.177,27
"ATTEND__to__ENGAGE",0.015,27
"ENGAGE__to__PIJN",0.011,27
"ENGAGE__to__THREAT",-0.005,27
"ENGAGE__to__ATTEND",0.005,27
"ENGAGE__to__ENGAGE",0.138,27
"PIJN__to__PIJN",0.374,28
"PIJN__to__THREAT",0.049,28
"PIJN__to__ATTEND",0.122,28
"PIJN__to__ENGAGE",-0.039,28
"THREAT__to__PIJN",0.073,28
"THREAT__to__THREAT",0.297,28
"THREAT__to__ATTEND",0.087,28
"THREAT__to__ENGAGE",0.042,28
"ATTEND__to__PIJN",0.048,28
"ATTEND__to__THREAT",0.053,28
"ATTEND__to__ATTEND",0.173,28
"ATTEND__to__ENGAGE",-0.008,28
"ENGAGE__to__PIJN",0.016,28
"ENGAGE__to__THREAT",0.011,28
"ENGAGE__to__ATTEND",0.004,28
"ENGAGE__to__ENGAGE",0.147,28
"PIJN__to__PIJN",0.284,29
"PIJN__to__THREAT",0.011,29
"PIJN__to__ATTEND",0.05,29
"PIJN__to__ENGAGE",-0.013,29
"THREAT__to__PIJN",0.118,29
"THREAT__to__THREAT",0.275,29
"THREAT__to__ATTEND",0.162,29
"THREAT__to__ENGAGE",-0.085,29
"ATTEND__to__PIJN",0.02,29
"ATTEND__to__THREAT",0.062,29
"ATTEND__to__ATTEND",0.164,29
"ATTEND__to__ENGAGE",0.018,29
"ENGAGE__to__PIJN",-0.027,29
"ENGAGE__to__THREAT",-0.006,29
"ENGAGE__to__ATTEND",-0.021,29
"ENGAGE__to__ENGAGE",0.136,29
"PIJN__to__PIJN",0.35,30
"PIJN__to__THREAT",0.053,30
"PIJN__to__ATTEND",0.088,30
"PIJN__to__ENGAGE",-0.011,30
"THREAT__to__PIJN",0.082,30
"THREAT__to__THREAT",0.282,30
"THREAT__to__ATTEND",0.099,30
"THREAT__to__ENGAGE",-0.069,30
"ATTEND__to__PIJN",0.073,30
"ATTEND__to__THREAT",0.05,30
"ATTEND__to__ATTEND",0.226,30
"ATTEND__to__ENGAGE",0.036,30
"ENGAGE__to__PIJN",0.008,30
"ENGAGE__to__THREAT",-0.002,30
"ENGAGE__to__ATTEND",0.013,30
"ENGAGE__to__ENGAGE",0.141,30
"PIJN__to__PIJN",0.335,31
"PIJN__to__THREAT",0.047,31
"PIJN__to__ATTEND",0.095,31
"PIJN__to__ENGAGE",-0.033,31
"THREAT__to__PIJN",0.141,31
"THREAT__to__THREAT",0.32,31
"THREAT__to__ATTEND",0.115,31
"THREAT__to__ENGAGE",-0.054,31
"ATTEND__to__PIJN",0.04,31
"ATTEND__to__THREAT",0.012,31
"ATTEND__to__ATTEND",0.163,31
"ATTEND__to__ENGAGE",0.045,31
"ENGAGE__to__PIJN",0.01,31
"ENGAGE__to__THREAT",0.007,31
"ENGAGE__to__ATTEND",0.009,31
"ENGAGE__to__ENGAGE",0.156,31
"PIJN__to__PIJN",0.376,32
"PIJN__to__THREAT",0.041,32
"PIJN__to__ATTEND",0.102,32
"PIJN__to__ENGAGE",-0.08,32
"THREAT__to__PIJN",0.05,32
"THREAT__to__THREAT",0.284,32
"THREAT__to__ATTEND",0.151,32
"THREAT__to__ENGAGE",-0.005,32
"ATTEND__to__PIJN",0.061,32
"ATTEND__to__THREAT",0.039,32
"ATTEND__to__ATTEND",0.169,32
"ATTEND__to__ENGAGE",0.039,32
"ENGAGE__to__PIJN",0.015,32
"ENGAGE__to__THREAT",-0.001,32
"ENGAGE__to__ATTEND",0.002,32
"ENGAGE__to__ENGAGE",0.148,32
"PIJN__to__PIJN",0.35,33
"PIJN__to__THREAT",0.029,33
"PIJN__to__ATTEND",0.09,33
"PIJN__to__ENGAGE",-0.065,33
"THREAT__to__PIJN",0.053,33
"THREAT__to__THREAT",0.29,33
"THREAT__to__ATTEND",0.124,33
"THREAT__to__ENGAGE",0.011,33
"ATTEND__to__PIJN",0.046,33
"ATTEND__to__THREAT",0.066,33
"ATTEND__to__ATTEND",0.186,33
"ATTEND__to__ENGAGE",0.026,33
"ENGAGE__to__PIJN",0.003,33
"ENGAGE__to__THREAT",-0.005,33
"ENGAGE__to__ATTEND",-0.008,33
"ENGAGE__to__ENGAGE",0.135,33
"PIJN__to__PIJN",0.34,34
"PIJN__to__THREAT",0.061,34
"PIJN__to__ATTEND",0.113,34
"PIJN__to__ENGAGE",-0.023,34
"THREAT__to__PIJN",0.085,34
"THREAT__to__THREAT",0.251,34
"THREAT__to__ATTEND",0.086,34
"THREAT__to__ENGAGE",-0.035,34
"ATTEND__to__PIJN",0.033,34
"ATTEND__to__THREAT",0.016,34
"ATTEND__to__ATTEND",0.181,34
"ATTEND__to__ENGAGE",0.062,34
"ENGAGE__to__PIJN",-0.012,34
"ENGAGE__to__THREAT",-0.009,34
"ENGAGE__to__ATTEND",-0.004,34
"ENGAGE__to__ENGAGE",0.147,34
"PIJN__to__PIJN",0.345,35
"PIJN__to__THREAT",0.051,35
"PIJN__to__ATTEND",0.079,35
"PIJN__to__ENGAGE",-0.071,35
"THREAT__to__PIJN",0.091,35
"THREAT__to__THREAT",0.327,35
"THREAT__to__ATTEND",0.153,35
"THREAT__to__ENGAGE",-0.042,35
"ATTEND__to__PIJN",0.066,35
"ATTEND__to__THREAT",0.025,35
"ATTEND__to__ATTEND",0.173,35
"ATTEND__to__ENGAGE",0.066,35
"ENGAGE__to__PIJN",0,35
"ENGAGE__to__THREAT",-0.001,35
"ENGAGE__to__ATTEND",0.01,35
"ENGAGE__to__ENGAGE",0.154,35
"PIJN__to__PIJN",0.354,36
"PIJN__to__THREAT",0.006,36
"PIJN__to__ATTEND",0.062,36
"PIJN__to__ENGAGE",-0.061,36
"THREAT__to__PIJN",0.088,36
"THREAT__to__THREAT",0.309,36
"THREAT__to__ATTEND",0.179,36
"THREAT__to__ENGAGE",-0.089,36
"ATTEND__to__PIJN",0.044,36
"ATTEND__to__THREAT",0.066,36
"ATTEND__to__ATTEND",0.204,36
"ATTEND__to__ENGAGE",0.049,36
"ENGAGE__to__PIJN",-0.005,36
"ENGAGE__to__THREAT",-0.01,36
"ENGAGE__to__ATTEND",0.002,36
"ENGAGE__to__ENGAGE",0.12,36
"PIJN__to__PIJN",0.339,37
"PIJN__to__THREAT",0.038,37
"PIJN__to__ATTEND",0.116,37
"PIJN__to__ENGAGE",-0.082,37
"THREAT__to__PIJN",0.088,37
"THREAT__to__THREAT",0.337,37
"THREAT__to__ATTEND",0.139,37
"THREAT__to__ENGAGE",-0.019,37
"ATTEND__to__PIJN",0.044,37
"ATTEND__to__THREAT",0.053,37
"ATTEND__to__ATTEND",0.179,37
"ATTEND__to__ENGAGE",0.036,37
"ENGAGE__to__PIJN",-0.003,37
"ENGAGE__to__THREAT",0.002,37
"ENGAGE__to__ATTEND",0,37
"ENGAGE__to__ENGAGE",0.142,37
"PIJN__to__PIJN",0.337,38
"PIJN__to__THREAT",0.068,38
"PIJN__to__ATTEND",0.087,38
"PIJN__to__ENGAGE",-0.018,38
"THREAT__to__PIJN",0.111,38
"THREAT__to__THREAT",0.261,38
"THREAT__to__ATTEND",0.105,38
"THREAT__to__ENGAGE",-0.127,38
"ATTEND__to__PIJN",0.02,38
"ATTEND__to__THREAT",0.039,38
"ATTEND__to__ATTEND",0.22,38
"ATTEND__to__ENGAGE",0.051,38
"ENGAGE__to__PIJN",0.012,38
"ENGAGE__to__THREAT",-0.005,38
"ENGAGE__to__ATTEND",-0.004,38
"ENGAGE__to__ENGAGE",0.14,38
"PIJN__to__PIJN",0.387,39
"PIJN__to__THREAT",0.037,39
"PIJN__to__ATTEND",0.104,39
"PIJN__to__ENGAGE",-0.065,39
"THREAT__to__PIJN",0.055,39
"THREAT__to__THREAT",0.272,39
"THREAT__to__ATTEND",0.136,39
"THREAT__to__ENGAGE",0.016,39
"ATTEND__to__PIJN",0.071,39
"ATTEND__to__THREAT",0.085,39
"ATTEND__to__ATTEND",0.197,39
"ATTEND__to__ENGAGE",-0.032,39
"ENGAGE__to__PIJN",0.003,39
"ENGAGE__to__THREAT",0.004,39
"ENGAGE__to__ATTEND",-0.006,39
"ENGAGE__to__ENGAGE",0.156,39
"PIJN__to__PIJN",0.335,40
"PIJN__to__THREAT",0.018,40
"PIJN__to__ATTEND",0.091,40
"PIJN__to__ENGAGE",-0.017,40
"THREAT__to__PIJN",0.079,40
"THREAT__to__THREAT",0.28,40
"THREAT__to__ATTEND",0.14,40
"THREAT__to__ENGAGE",-0.051,40
"ATTEND__to__PIJN",0.06,40
"ATTEND__to__THREAT",0.043,40
"ATTEND__to__ATTEND",0.154,40
"ATTEND__to__ENGAGE",0.022,40
"ENGAGE__to__PIJN",-0.035,40
"ENGAGE__to__THREAT",-0.019,40
"ENGAGE__to__ATTEND",-0.033,40
"ENGAGE__to__ENGAGE",0.15,40
"PIJN__to__PIJN",0.367,41
"PIJN__to__THREAT",0.014,41
"PIJN__to__ATTEND",0.087,41
"PIJN__to__ENGAGE",-0.102,41
"THREAT__to__PIJN",0.083,41
"THREAT__to__THREAT",0.328,41
"THREAT__to__ATTEND",0.137,41
"THREAT__to__ENGAGE",0.023,41
"ATTEND__to__PIJN",0.031,41
"ATTEND__to__THREAT",0.056,41
"ATTEND__to__ATTEND",0.175,41
"ATTEND__to__ENGAGE",0.028,41
"ENGAGE__to__PIJN",0.005,41
"ENGAGE__to__THREAT",-0.001,41
"ENGAGE__to__ATTEND",0.008,41
"ENGAGE__to__ENGAGE",0.136,41
"PIJN__to__PIJN",0.307,42
"PIJN__to__THREAT",0.044,42
"PIJN__to__ATTEND",0.045,42
"PIJN__to__ENGAGE",-0.022,42
"THREAT__to__PIJN",0.116,42
"THREAT__to__THREAT",0.311,42
"THREAT__to__ATTEND",0.163,42
"THREAT__to__ENGAGE",-0.03,42
"ATTEND__to__PIJN",0.009,42
"ATTEND__to__THREAT",0.016,42
"ATTEND__to__ATTEND",0.143,42
"ATTEND__to__ENGAGE",0.032,42
"ENGAGE__to__PIJN",-0.01,42
"ENGAGE__to__THREAT",-0.013,42
"ENGAGE__to__ATTEND",-0.015,42
"ENGAGE__to__ENGAGE",0.153,42
"PIJN__to__PIJN",0.352,43
"PIJN__to__THREAT",0.059,43
"PIJN__to__ATTEND",0.084,43
"PIJN__to__ENGAGE",-0.026,43
"THREAT__to__PIJN",0.089,43
"THREAT__to__THREAT",0.301,43
"THREAT__to__ATTEND",0.149,43
"THREAT__to__ENGAGE",0.015,43
"ATTEND__to__PIJN",0.073,43
"ATTEND__to__THREAT",0.043,43
"ATTEND__to__ATTEND",0.193,43
"ATTEND__to__ENGAGE",0.015,43
"ENGAGE__to__PIJN",0.013,43
"ENGAGE__to__THREAT",0.008,43
"ENGAGE__to__ATTEND",0.014,43
"ENGAGE__to__ENGAGE",0.163,43
"PIJN__to__PIJN",0.371,44
"PIJN__to__THREAT",0.05,44
"PIJN__to__ATTEND",0.099,44
"PIJN__to__ENGAGE",-0.032,44
"THREAT__to__PIJN",0.099,44
"THREAT__to__THREAT",0.326,44
"THREAT__to__ATTEND",0.118,44
"THREAT__to__ENGAGE",-0.023,44
"ATTEND__to__PIJN",0.022,44
"ATTEND__to__THREAT",0.029,44
"ATTEND__to__ATTEND",0.201,44
"ATTEND__to__ENGAGE",0.037,44
"ENGAGE__to__PIJN",0.007,44
"ENGAGE__to__THREAT",0.003,44
"ENGAGE__to__ATTEND",-0.011,44
"ENGAGE__to__ENGAGE",0.144,44
"PIJN__to__PIJN",0.301,45
"PIJN__to__THREAT",0.033,45
"PIJN__to__ATTEND",0.086,45
"PIJN__to__ENGAGE",-0.039,45
"THREAT__to__PIJN",0.095,45
"THREAT__to__THREAT",0.329,45
"THREAT__to__ATTEND",0.119,45
"THREAT__to__ENGAGE",-0.033,45
"ATTEND__to__PIJN",0.057,45
"ATTEND__to__THREAT",0.051,45
"ATTEND__to__ATTEND",0.234,45
"ATTEND__to__ENGAGE",0.036,45
"ENGAGE__to__PIJN",0.026,45
"ENGAGE__to__THREAT",0.013,45
"ENGAGE__to__ATTEND",0.007,45
"ENGAGE__to__ENGAGE",0.141,45
"PIJN__to__PIJN",0.378,46
"PIJN__to__THREAT",0.049,46
"PIJN__to__ATTEND",0.102,46
"PIJN__to__ENGAGE",-0.003,46
"THREAT__to__PIJN",0.07,46
"THREAT__to__THREAT",0.279,46
"THREAT__to__ATTEND",0.124,46
"THREAT__to__ENGAGE",-0.011,46
"ATTEND__to__PIJN",0.018,46
"ATTEND__to__THREAT",0.011,46
"ATTEND__to__ATTEND",0.155,46
"ATTEND__to__ENGAGE",0.028,46
"ENGAGE__to__PIJN",-0.005,46
"ENGAGE__to__THREAT",-0.004,46
"ENGAGE__to__ATTEND",-0.012,46
"ENGAGE__to__ENGAGE",0.153,46
"PIJN__to__PIJN",0.323,47
"PIJN__to__THREAT",0.025,47
"PIJN__to__ATTEND",0.056,47
"PIJN__to__ENGAGE",-0.042,47
"THREAT__to__PIJN",0.11,47
"THREAT__to__THREAT",0.273,47
"THREAT__to__ATTEND",0.166,47
"THREAT__to__ENGAGE",0.005,47
"ATTEND__to__PIJN",0.032,47
"ATTEND__to__THREAT",0.076,47
"ATTEND__to__ATTEND",0.188,47
"ATTEND__to__ENGAGE",0.007,47
"ENGAGE__to__PIJN",-0.016,47
"ENGAGE__to__THREAT",-0.008,47
"ENGAGE__to__ATTEND",-0.024,47
"ENGAGE__to__ENGAGE",0.125,47
"PIJN__to__PIJN",0.371,48
"PIJN__to__THREAT",0.033,48
"PIJN__to__ATTEND",0.072,48
"PIJN__to__ENGAGE",-0.053,48
"THREAT__to__PIJN",0.073,48
"THREAT__to__THREAT",0.296,48
"THREAT__to__ATTEND",0.152,48
"THREAT__to__ENGAGE",0.003,48
"ATTEND__to__PIJN",0.028,48
"ATTEND__to__THREAT",0.058,48
"ATTEND__to__ATTEND",0.181,48
"ATTEND__to__ENGAGE",0.006,48
"ENGAGE__to__PIJN",0.01,48
"ENGAGE__to__THREAT",0.004,48
"ENGAGE__to__ATTEND",-0.001,48
"ENGAGE__to__ENGAGE",0.154,48
"PIJN__to__PIJN",0.321,49
"PIJN__to__THREAT",0.048,49
"PIJN__to__ATTEND",0.078,49
"PIJN__to__ENGAGE",-0.109,49
"THREAT__to__PIJN",0.138,49
"THREAT__to__THREAT",0.332,49
"THREAT__to__ATTEND",0.171,49
"THREAT__to__ENGAGE",-0.027,49
"ATTEND__to__PIJN",0.057,49
"ATTEND__to__THREAT",0.051,49
"ATTEND__to__ATTEND",0.178,49
"ATTEND__to__ENGAGE",0.053,49
"ENGAGE__to__PIJN",0.008,49
"ENGAGE__to__THREAT",0.004,49
"ENGAGE__to__ATTEND",-0.003,49
"ENGAGE__to__ENGAGE",0.155,49
"PIJN__to__PIJN",0.359,50
"PIJN__to__THREAT",0.037,50
"PIJN__to__ATTEND",0.091,50
"PIJN__to__ENGAGE",-0.015,50
"THREAT__to__PIJN",0.093,50
"THREAT__to__THREAT",0.303,50
"THREAT__to__ATTEND",0.131,50
"THREAT__to__ENGAGE",-0.037,50
"ATTEND__to__PIJN",0.025,50
"ATTEND__to__THREAT",0.06,50
"ATTEND__to__ATTEND",0.212,50
"ATTEND__to__ENGAGE",0.008,50
"ENGAGE__to__PIJN",0.001,50
"ENGAGE__to__THREAT",0.001,50
"ENGAGE__to__ATTEND",-0.006,50
"ENGAGE__to__ENGAGE",0.175,50
"PIJN__to__PIJN",0.36,51
"PIJN__to__THREAT",0.037,51
"PIJN__to__ATTEND",0.11,51
"PIJN__to__ENGAGE",-0.023,51
"THREAT__to__PIJN",0.058,51
"THREAT__to__THREAT",0.259,51
"THREAT__to__ATTEND",0.097,51
"THREAT__to__ENGAGE",0,51
"ATTEND__to__PIJN",0.038,51
"ATTEND__to__THREAT",0.057,51
"ATTEND__to__ATTEND",0.189,51
"ATTEND__to__ENGAGE",0.01,51
"ENGAGE__to__PIJN",-0.005,51
"ENGAGE__to__THREAT",-0.012,51
"ENGAGE__to__ATTEND",0.02,51
"ENGAGE__to__ENGAGE",0.145,51
"PIJN__to__PIJN",0.362,52
"PIJN__to__THREAT",0.035,52
"PIJN__to__ATTEND",0.121,52
"PIJN__to__ENGAGE",-0.066,52
"THREAT__to__PIJN",0.091,52
"THREAT__to__THREAT",0.3,52
"THREAT__to__ATTEND",0.108,52
"THREAT__to__ENGAGE",-0.005,52
"ATTEND__to__PIJN",0.069,52
"ATTEND__to__THREAT",0.042,52
"ATTEND__to__ATTEND",0.187,52
"ATTEND__to__ENGAGE",0.027,52
"ENGAGE__to__PIJN",0.006,52
"ENGAGE__to__THREAT",0,52
"ENGAGE__to__ATTEND",-0.004,52
"ENGAGE__to__ENGAGE",0.116,52
"PIJN__to__PIJN",0.356,53
"PIJN__to__THREAT",0.058,53
"PIJN__to__ATTEND",0.091,53
"PIJN__to__ENGAGE",-0.048,53
"THREAT__to__PIJN",0.103,53
"THREAT__to__THREAT",0.276,53
"THREAT__to__ATTEND",0.106,53
"THREAT__to__ENGAGE",-0.005,53
"ATTEND__to__PIJN",0.062,53
"ATTEND__to__THREAT",0.042,53
"ATTEND__to__ATTEND",0.187,53
"ATTEND__to__ENGAGE",0.017,53
"ENGAGE__to__PIJN",0.01,53
"ENGAGE__to__THREAT",0.007,53
"ENGAGE__to__ATTEND",-0.001,53
"ENGAGE__to__ENGAGE",0.148,53
"PIJN__to__PIJN",0.339,54
"PIJN__to__THREAT",0.058,54
"PIJN__to__ATTEND",0.091,54
"PIJN__to__ENGAGE",-0.042,54
"THREAT__to__PIJN",0.129,54
"THREAT__to__THREAT",0.316,54
"THREAT__to__ATTEND",0.085,54
"THREAT__to__ENGAGE",-0.023,54
"ATTEND__to__PIJN",-0.006,54
"ATTEND__to__THREAT",-0.013,54
"ATTEND__to__ATTEND",0.169,54
"ATTEND__to__ENGAGE",0.055,54
"ENGAGE__to__PIJN",-0.002,54
"ENGAGE__to__THREAT",-0.01,54
"ENGAGE__to__ATTEND",-0.008,54
"ENGAGE__to__ENGAGE",0.13,54
"PIJN__to__PIJN",0.358,55
"PIJN__to__THREAT",0.04,55
"PIJN__to__ATTEND",0.063,55
"PIJN__to__ENGAGE",-0.037,55
"THREAT__to__PIJN",0.083,55
"THREAT__to__THREAT",0.272,55
"THREAT__to__ATTEND",0.147,55
"THREAT__to__ENGAGE",0.071,55
"ATTEND__to__PIJN",0.056,55
"ATTEND__to__THREAT",0.067,55
"ATTEND__to__ATTEND",0.199,55
"ATTEND__to__ENGAGE",0.015,55
"ENGAGE__to__PIJN",0.015,55
"ENGAGE__to__THREAT",0.019,55
"ENGAGE__to__ATTEND",0.004,55
"ENGAGE__to__ENGAGE",0.112,55
"PIJN__to__PIJN",0.341,56
"PIJN__to__THREAT",0.042,56
"PIJN__to__ATTEND",0.058,56
"PIJN__to__ENGAGE",-0.1,56
"THREAT__to__PIJN",0.148,56
"THREAT__to__THREAT",0.352,56
"THREAT__to__ATTEND",0.195,56
"THREAT__to__ENGAGE",-0.051,56
"ATTEND__to__PIJN",0.03,56
"ATTEND__to__THREAT",0.039,56
"ATTEND__to__ATTEND",0.189,56
"ATTEND__to__ENGAGE",0.063,56
"ENGAGE__to__PIJN",0.022,56
"ENGAGE__to__THREAT",0.008,56
"ENGAGE__to__ATTEND",0.012,56
"ENGAGE__to__ENGAGE",0.121,56
"PIJN__to__PIJN",0.384,57
"PIJN__to__THREAT",0.035,57
"PIJN__to__ATTEND",0.104,57
"PIJN__to__ENGAGE",-0.064,57
"THREAT__to__PIJN",0.064,57
"THREAT__to__THREAT",0.332,57
"THREAT__to__ATTEND",0.108,57
"THREAT__to__ENGAGE",0.011,57
"ATTEND__to__PIJN",0.068,57
"ATTEND__to__THREAT",0.045,57
"ATTEND__to__ATTEND",0.207,57
"ATTEND__to__ENGAGE",0.025,57
"ENGAGE__to__PIJN",-0.008,57
"ENGAGE__to__THREAT",-0.01,57
"ENGAGE__to__ATTEND",0,57
"ENGAGE__to__ENGAGE",0.133,57
"PIJN__to__PIJN",0.324,58
"PIJN__to__THREAT",0.018,58
"PIJN__to__ATTEND",0.063,58
"PIJN__to__ENGAGE",-0.03,58
"THREAT__to__PIJN",0.149,58
"THREAT__to__THREAT",0.299,58
"THREAT__to__ATTEND",0.168,58
"THREAT__to__ENGAGE",-0.027,58
"ATTEND__to__PIJN",0.038,58
"ATTEND__to__THREAT",0.054,58
"ATTEND__to__ATTEND",0.168,58
"ATTEND__to__ENGAGE",0.035,58
"ENGAGE__to__PIJN",0.007,58
"ENGAGE__to__THREAT",-0.009,58
"ENGAGE__to__ATTEND",0.01,58
"ENGAGE__to__ENGAGE",0.13,58
"PIJN__to__PIJN",0.329,59
"PIJN__to__THREAT",0.038,59
"PIJN__to__ATTEND",0.065,59
"PIJN__to__ENGAGE",-0.068,59
"THREAT__to__PIJN",0.064,59
"THREAT__to__THREAT",0.284,59
"THREAT__to__ATTEND",0.107,59
"THREAT__to__ENGAGE",-0.017,59
"ATTEND__to__PIJN",0.057,59
"ATTEND__to__THREAT",0.04,59
"ATTEND__to__ATTEND",0.16,59
"ATTEND__to__ENGAGE",0.055,59
"ENGAGE__to__PIJN",-0.01,59
"ENGAGE__to__THREAT",0.005,59
"ENGAGE__to__ATTEND",0.002,59
"ENGAGE__to__ENGAGE",0.131,59
"PIJN__to__PIJN",0.361,60
"PIJN__to__THREAT",0.025,60
"PIJN__to__ATTEND",0.09,60
"PIJN__to__ENGAGE",0.017,60
"THREAT__to__PIJN",0.06,60
"THREAT__to__THREAT",0.25,60
"THREAT__to__ATTEND",0.12,60
"THREAT__to__ENGAGE",-0.084,60
"ATTEND__to__PIJN",0.031,60
"ATTEND__to__THREAT",0.096,60
"ATTEND__to__ATTEND",0.199,60
"ATTEND__to__ENGAGE",-0.008,60
"ENGAGE__to__PIJN",-0.023,60
"ENGAGE__to__THREAT",-0.011,60
"ENGAGE__to__ATTEND",-0.016,60
"ENGAGE__to__ENGAGE",0.107,60
"PIJN__to__PIJN",0.317,61
"PIJN__to__THREAT",0.049,61
"PIJN__to__ATTEND",0.079,61
"PIJN__to__ENGAGE",-0.023,61
"THREAT__to__PIJN",0.089,61
"THREAT__to__THREAT",0.309,61
"THREAT__to__ATTEND",0.16,61
"THREAT__to__ENGAGE",-0.036,61
"ATTEND__to__PIJN",0.056,61
"ATTEND__to__THREAT",0.047,61
"ATTEND__to__ATTEND",0.19,61
"ATTEND__to__ENGAGE",-0.015,61
"ENGAGE__to__PIJN",-0.001,61
"ENGAGE__to__THREAT",0.005,61
"ENGAGE__to__ATTEND",-0.019,61
"ENGAGE__to__ENGAGE",0.158,61
"PIJN__to__PIJN",0.313,62
"PIJN__to__THREAT",0.047,62
"PIJN__to__ATTEND",0.085,62
"PIJN__to__ENGAGE",-0.044,62
"THREAT__to__PIJN",0.066,62
"THREAT__to__THREAT",0.238,62
"THREAT__to__ATTEND",0.076,62
"THREAT__to__ENGAGE",0.005,62
"ATTEND__to__PIJN",0.052,62
"ATTEND__to__THREAT",0.055,62
"ATTEND__to__ATTEND",0.219,62
"ATTEND__to__ENGAGE",0.044,62
"ENGAGE__to__PIJN",0.021,62
"ENGAGE__to__THREAT",0.011,62
"ENGAGE__to__ATTEND",0.002,62
"ENGAGE__to__ENGAGE",0.1,62
"PIJN__to__PIJN",0.336,63
"PIJN__to__THREAT",0.046,63
"PIJN__to__ATTEND",0.091,63
"PIJN__to__ENGAGE",-0.06,63
"THREAT__to__PIJN",0.113,63
"THREAT__to__THREAT",0.275,63
"THREAT__to__ATTEND",0.127,63
"THREAT__to__ENGAGE",-0.057,63
"ATTEND__to__PIJN",0.025,63
"ATTEND__to__THREAT",0.047,63
"ATTEND__to__ATTEND",0.171,63
"ATTEND__to__ENGAGE",0.018,63
"ENGAGE__to__PIJN",0.01,63
"ENGAGE__to__THREAT",-0.007,63
"ENGAGE__to__ATTEND",0.011,63
"ENGAGE__to__ENGAGE",0.13,63
"PIJN__to__PIJN",0.35,64
"PIJN__to__THREAT",0.026,64
"PIJN__to__ATTEND",0.087,64
"PIJN__to__ENGAGE",-0.08,64
"THREAT__to__PIJN",0.1,64
"THREAT__to__THREAT",0.347,64
"THREAT__to__ATTEND",0.14,64
"THREAT__to__ENGAGE",0.055,64
"ATTEND__to__PIJN",0.054,64
"ATTEND__to__THREAT",0.072,64
"ATTEND__to__ATTEND",0.221,64
"ATTEND__to__ENGAGE",-0.001,64
"ENGAGE__to__PIJN",0.012,64
"ENGAGE__to__THREAT",0.012,64
"ENGAGE__to__ATTEND",-0.002,64
"ENGAGE__to__ENGAGE",0.121,64
"PIJN__to__PIJN",0.319,65
"PIJN__to__THREAT",0.044,65
"PIJN__to__ATTEND",0.083,65
"PIJN__to__ENGAGE",-0.047,65
"THREAT__to__PIJN",0.07,65
"THREAT__to__THREAT",0.289,65
"THREAT__to__ATTEND",0.133,65
"THREAT__to__ENGAGE",-0.017,65
"ATTEND__to__PIJN",0.066,65
"ATTEND__to__THREAT",0.039,65
"ATTEND__to__ATTEND",0.175,65
"ATTEND__to__ENGAGE",0.031,65
"ENGAGE__to__PIJN",-0.026,65
"ENGAGE__to__THREAT",-0.008,65
"ENGAGE__to__ATTEND",-0.024,65
"ENGAGE__to__ENGAGE",0.146,65
"PIJN__to__PIJN",0.393,66
"PIJN__to__THREAT",0.047,66
"PIJN__to__ATTEND",0.105,66
"PIJN__to__ENGAGE",-0.091,66
"THREAT__to__PIJN",0.129,66
"THREAT__to__THREAT",0.294,66
"THREAT__to__ATTEND",0.156,66
"THREAT__to__ENGAGE",-0.082,66
"ATTEND__to__PIJN",0.043,66
"ATTEND__to__THREAT",0.027,66
"ATTEND__to__ATTEND",0.172,66
"ATTEND__to__ENGAGE",0.069,66
"ENGAGE__to__PIJN",-0.013,66
"ENGAGE__to__THREAT",-0.015,66
"ENGAGE__to__ATTEND",-0.008,66
"ENGAGE__to__ENGAGE",0.151,66
"PIJN__to__PIJN",0.367,67
"PIJN__to__THREAT",0.053,67
"PIJN__to__ATTEND",0.099,67
"PIJN__to__ENGAGE",-0.035,67
"THREAT__to__PIJN",0.088,67
"THREAT__to__THREAT",0.331,67
"THREAT__to__ATTEND",0.083,67
"THREAT__to__ENGAGE",-0.021,67
"ATTEND__to__PIJN",0.056,67
"ATTEND__to__THREAT",0.039,67
"ATTEND__to__ATTEND",0.222,67
"ATTEND__to__ENGAGE",0.025,67
"ENGAGE__to__PIJN",-0.008,67
"ENGAGE__to__THREAT",-0.005,67
"ENGAGE__to__ATTEND",0.016,67
"ENGAGE__to__ENGAGE",0.175,67
"PIJN__to__PIJN",0.307,68
"PIJN__to__THREAT",0.052,68
"PIJN__to__ATTEND",0.072,68
"PIJN__to__ENGAGE",-0.038,68
"THREAT__to__PIJN",0.095,68
"THREAT__to__THREAT",0.253,68
"THREAT__to__ATTEND",0.102,68
"THREAT__to__ENGAGE",0.004,68
"ATTEND__to__PIJN",0.041,68
"ATTEND__to__THREAT",0.031,68
"ATTEND__to__ATTEND",0.178,68
"ATTEND__to__ENGAGE",0.015,68
"ENGAGE__to__PIJN",0.01,68
"ENGAGE__to__THREAT",0.01,68
"ENGAGE__to__ATTEND",0.02,68
"ENGAGE__to__ENGAGE",0.132,68
"PIJN__to__PIJN",0.39,69
"PIJN__to__THREAT",0.038,69
"PIJN__to__ATTEND",0.095,69
"PIJN__to__ENGAGE",-0.058,69
"THREAT__to__PIJN",0.11,69
"THREAT__to__THREAT",0.33,69
"THREAT__to__ATTEND",0.145,69
"THREAT__to__ENGAGE",0.024,69
"ATTEND__to__PIJN",0.052,69
"ATTEND__to__THREAT",0.041,69
"ATTEND__to__ATTEND",0.211,69
"ATTEND__to__ENGAGE",-0.008,69
"ENGAGE__to__PIJN",0.002,69
"ENGAGE__to__THREAT",0.003,69
"ENGAGE__to__ATTEND",0.005,69
"ENGAGE__to__ENGAGE",0.132,69
"PIJN__to__PIJN",0.339,70
"PIJN__to__THREAT",0.032,70
"PIJN__to__ATTEND",0.098,70
"PIJN__to__ENGAGE",-0.1,70
"THREAT__to__PIJN",0.125,70
"THREAT__to__THREAT",0.302,70
"THREAT__to__ATTEND",0.164,70
"THREAT__to__ENGAGE",-0.028,70
"ATTEND__to__PIJN",0.065,70
"ATTEND__to__THREAT",0.074,70
"ATTEND__to__ATTEND",0.183,70
"ATTEND__to__ENGAGE",0.015,70
"ENGAGE__to__PIJN",0,70
"ENGAGE__to__THREAT",-0.006,70
"ENGAGE__to__ATTEND",-0.012,70
"ENGAGE__to__ENGAGE",0.17,70
"PIJN__to__PIJN",0.366,71
"PIJN__to__THREAT",0.055,71
"PIJN__to__ATTEND",0.1,71
"PIJN__to__ENGAGE",-0.051,71
"THREAT__to__PIJN",0.1,71
"THREAT__to__THREAT",0.305,71
"THREAT__to__ATTEND",0.122,71
"THREAT__to__ENGAGE",-0.093,71
"ATTEND__to__PIJN",0.06,71
"ATTEND__to__THREAT",0.056,71
"ATTEND__to__ATTEND",0.225,71
"ATTEND__to__ENGAGE",0.025,71
"ENGAGE__to__PIJN",-0.006,71
"ENGAGE__to__THREAT",-0.006,71
"ENGAGE__to__ATTEND",0.002,71
"ENGAGE__to__ENGAGE",0.158,71
"PIJN__to__PIJN",0.35,72
"PIJN__to__THREAT",0.047,72
"PIJN__to__ATTEND",0.112,72
"PIJN__to__ENGAGE",-0.01,72
"THREAT__to__PIJN",0.093,72
"THREAT__to__THREAT",0.347,72
"THREAT__to__ATTEND",0.122,72
"THREAT__to__ENGAGE",-0.045,72
"ATTEND__to__PIJN",0.045,72
"ATTEND__to__THREAT",0.026,72
"ATTEND__to__ATTEND",0.17,72
"ATTEND__to__ENGAGE",-0.011,72
"ENGAGE__to__PIJN",0.004,72
"ENGAGE__to__THREAT",0.004,72
"ENGAGE__to__ATTEND",-0.004,72
"ENGAGE__to__ENGAGE",0.14,72
"PIJN__to__PIJN",0.34,73
"PIJN__to__THREAT",0.035,73
"PIJN__to__ATTEND",0.097,73
"PIJN__to__ENGAGE",-0.056,73
"THREAT__to__PIJN",0.07,73
"THREAT__to__THREAT",0.302,73
"THREAT__to__ATTEND",0.12,73
"THREAT__to__ENGAGE",0.004,73
"ATTEND__to__PIJN",0.09,73
"ATTEND__to__THREAT",0.069,73
"ATTEND__to__ATTEND",0.164,73
"ATTEND__to__ENGAGE",0.022,73
"ENGAGE__to__PIJN",-0.008,73
"ENGAGE__to__THREAT",0,73
"ENGAGE__to__ATTEND",0.008,73
"ENGAGE__to__ENGAGE",0.144,73
"PIJN__to__PIJN",0.361,74
"PIJN__to__THREAT",0.06,74
"PIJN__to__ATTEND",0.072,74
"PIJN__to__ENGAGE",-0.079,74
"THREAT__to__PIJN",0.135,74
"THREAT__to__THREAT",0.282,74
"THREAT__to__ATTEND",0.15,74
"THREAT__to__ENGAGE",-0.036,74
"ATTEND__to__PIJN",0.015,74
"ATTEND__to__THREAT",0.015,74
"ATTEND__to__ATTEND",0.155,74
"ATTEND__to__ENGAGE",0.076,74
"ENGAGE__to__PIJN",0.006,74
"ENGAGE__to__THREAT",-0.005,74
"ENGAGE__to__ATTEND",0.016,74
"ENGAGE__to__ENGAGE",0.177,74
"PIJN__to__PIJN",0.338,75
"PIJN__to__THREAT",0.057,75
"PIJN__to__ATTEND",0.121,75
"PIJN__to__ENGAGE",-0.015,75
"THREAT__to__PIJN",0.095,75
"THREAT__to__THREAT",0.29,75
"THREAT__to__ATTEND",0.139,75
"THREAT__to__ENGAGE",-0.003,75
"ATTEND__to__PIJN",0.065,75
"ATTEND__to__THREAT",0.047,75
"ATTEND__to__ATTEND",0.201,75
"ATTEND__to__ENGAGE",-0.02,75
"ENGAGE__to__PIJN",-0.001,75
"ENGAGE__to__THREAT",0.007,75
"ENGAGE__to__ATTEND",-0.019,75
"ENGAGE__to__ENGAGE",0.163,75
"PIJN__to__PIJN",0.355,76
"PIJN__to__THREAT",0.062,76
"PIJN__to__ATTEND",0.084,76
"PIJN__to__ENGAGE",-0.052,76
"THREAT__to__PIJN",0.116,76
"THREAT__to__THREAT",0.279,76
"THREAT__to__ATTEND",0.135,76
"THREAT__to__ENGAGE",-0.02,76
"ATTEND__to__PIJN",0.017,76
"ATTEND__to__THREAT",0.04,76
"ATTEND__to__ATTEND",0.176,76
"ATTEND__to__ENGAGE",0.045,76
"ENGAGE__to__PIJN",0.001,76
"ENGAGE__to__THREAT",-0.002,76
"ENGAGE__to__ATTEND",0.004,76
"ENGAGE__to__ENGAGE",0.17,76
"PIJN__to__PIJN",0.336,77
"PIJN__to__THREAT",0.04,77
"PIJN__to__ATTEND",0.132,77
"PIJN__to__ENGAGE",-0.016,77
"THREAT__to__PIJN",0.121,77
"THREAT__to__THREAT",0.336,77
"THREAT__to__ATTEND",0.126,77
"THREAT__to__ENGAGE",-0.017,77
"ATTEND__to__PIJN",0.065,77
"ATTEND__to__THREAT",0.034,77
"ATTEND__to__ATTEND",0.202,77
"ATTEND__to__ENGAGE",-0.012,77
"ENGAGE__to__PIJN",0.003,77
"ENGAGE__to__THREAT",0.008,77
"ENGAGE__to__ATTEND",0.008,77
"ENGAGE__to__ENGAGE",0.154,77
"PIJN__to__PIJN",0.374,78
"PIJN__to__THREAT",0.058,78
"PIJN__to__ATTEND",0.068,78
"PIJN__to__ENGAGE",-0.044,78
"THREAT__to__PIJN",0.085,78
"THREAT__to__THREAT",0.259,78
"THREAT__to__ATTEND",0.171,78
"THREAT__to__ENGAGE",-0.097,78
"ATTEND__to__PIJN",0.03,78
"ATTEND__to__THREAT",0.056,78
"ATTEND__to__ATTEND",0.209,78
"ATTEND__to__ENGAGE",0.034,78
"ENGAGE__to__PIJN",-0.011,78
"ENGAGE__to__THREAT",-0.006,78
"ENGAGE__to__ATTEND",-0.014,78
"ENGAGE__to__ENGAGE",0.171,78
"PIJN__to__PIJN",0.361,79
"PIJN__to__THREAT",0.027,79
"PIJN__to__ATTEND",0.1,79
"PIJN__to__ENGAGE",-0.069,79
"THREAT__to__PIJN",0.108,79
"THREAT__to__THREAT",0.336,79
"THREAT__to__ATTEND",0.125,79
"THREAT__to__ENGAGE",-0.047,79
"ATTEND__to__PIJN",0.012,79
"ATTEND__to__THREAT",0.042,79
"ATTEND__to__ATTEND",0.146,79
"ATTEND__to__ENGAGE",0.049,79
"ENGAGE__to__PIJN",0.008,79
"ENGAGE__to__THREAT",-0.011,79
"ENGAGE__to__ATTEND",0.008,79
"ENGAGE__to__ENGAGE",0.128,79
"PIJN__to__PIJN",0.36,80
"PIJN__to__THREAT",0.048,80
"PIJN__to__ATTEND",0.082,80
"PIJN__to__ENGAGE",-0.057,80
"THREAT__to__PIJN",0.078,80
"THREAT__to__THREAT",0.296,80
"THREAT__to__ATTEND",0.132,80
"THREAT__to__ENGAGE",-0.02,80
"ATTEND__to__PIJN",0.059,80
"ATTEND__to__THREAT",0.077,80
"ATTEND__to__ATTEND",0.226,80
"ATTEND__to__ENGAGE",0.037,80
"ENGAGE__to__PIJN",0.025,80
"ENGAGE__to__THREAT",0.004,80
"ENGAGE__to__ATTEND",0.03,80
"ENGAGE__to__ENGAGE",0.144,80
"PIJN__to__PIJN",0.33,81
"PIJN__to__THREAT",0.026,81
"PIJN__to__ATTEND",0.101,81
"PIJN__to__ENGAGE",-0.034,81
"THREAT__to__PIJN",0.075,81
"THREAT__to__THREAT",0.301,81
"THREAT__to__ATTEND",0.118,81
"THREAT__to__ENGAGE",-0.074,81
"ATTEND__to__PIJN",0.077,81
"ATTEND__to__THREAT",0.052,81
"ATTEND__to__ATTEND",0.196,81
"ATTEND__to__ENGAGE",0.03,81
"ENGAGE__to__PIJN",0.015,81
"ENGAGE__to__THREAT",0.006,81
"ENGAGE__to__ATTEND",0.002,81
"ENGAGE__to__ENGAGE",0.158,81
"PIJN__to__PIJN",0.34,82
"PIJN__to__THREAT",0.031,82
"PIJN__to__ATTEND",0.077,82
"PIJN__to__ENGAGE",-0.055,82
"THREAT__to__PIJN",0.126,82
"THREAT__to__THREAT",0.281,82
"THREAT__to__ATTEND",0.144,82
"THREAT__to__ENGAGE",-0.035,82
"ATTEND__to__PIJN",0.037,82
"ATTEND__to__THREAT",0.057,82
"ATTEND__to__ATTEND",0.166,82
"ATTEND__to__ENGAGE",0.033,82
"ENGAGE__to__PIJN",0.003,82
"ENGAGE__to__THREAT",0.003,82
"ENGAGE__to__ATTEND",0.012,82
"ENGAGE__to__ENGAGE",0.135,82
"PIJN__to__PIJN",0.318,83
"PIJN__to__THREAT",0.047,83
"PIJN__to__ATTEND",0.09,83
"PIJN__to__ENGAGE",-0.054,83
"THREAT__to__PIJN",0.06,83
"THREAT__to__THREAT",0.256,83
"THREAT__to__ATTEND",0.072,83
"THREAT__to__ENGAGE",-0.034,83
"ATTEND__to__PIJN",0.034,83
"ATTEND__to__THREAT",0.046,83
"ATTEND__to__ATTEND",0.224,83
"ATTEND__to__ENGAGE",0.064,83
"ENGAGE__to__PIJN",0.007,83
"ENGAGE__to__THREAT",-0.001,83
"ENGAGE__to__ATTEND",-0.02,83
"ENGAGE__to__ENGAGE",0.163,83
"PIJN__to__PIJN",0.307,84
"PIJN__to__THREAT",0.058,84
"PIJN__to__ATTEND",0.087,84
"PIJN__to__ENGAGE",-0.029,84
"THREAT__to__PIJN",0.114,84
"THREAT__to__THREAT",0.28,84
"THREAT__to__ATTEND",0.102,84
"THREAT__to__ENGAGE",0.016,84
"ATTEND__to__PIJN",0.021,84
"ATTEND__to__THREAT",0.023,84
"ATTEND__to__ATTEND",0.175,84
"ATTEND__to__ENGAGE",0.022,84
"ENGAGE__to__PIJN",-0.006,84
"ENGAGE__to__THREAT",-0.006,84
"ENGAGE__to__ATTEND",-0.003,84
"ENGAGE__to__ENGAGE",0.13,84
"PIJN__to__PIJN",0.343,85
"PIJN__to__THREAT",0.059,85
"PIJN__to__ATTEND",0.078,85
"PIJN__to__ENGAGE",-0.037,85
"THREAT__to__PIJN",0.096,85
"THREAT__to__THREAT",0.237,85
"THREAT__to__ATTEND",0.109,85
"THREAT__to__ENGAGE",-0.091,85
"ATTEND__to__PIJN",0.047,85
"ATTEND__to__THREAT",0.07,85
"ATTEND__to__ATTEND",0.216,85
"ATTEND__to__ENGAGE",0.062,85
"ENGAGE__to__PIJN",0.001,85
"ENGAGE__to__THREAT",-0.012,85
"ENGAGE__to__ATTEND",0.001,85
"ENGAGE__to__ENGAGE",0.191,85
"PIJN__to__PIJN",0.332,86
"PIJN__to__THREAT",0.033,86
"PIJN__to__ATTEND",0.071,86
"PIJN__to__ENGAGE",-0.059,86
"THREAT__to__PIJN",0.108,86
"THREAT__to__THREAT",0.302,86
"THREAT__to__ATTEND",0.129,86
"THREAT__to__ENGAGE",0.016,86
"ATTEND__to__PIJN",0.06,86
"ATTEND__to__THREAT",0.028,86
"ATTEND__to__ATTEND",0.198,86
"ATTEND__to__ENGAGE",0.058,86
"ENGAGE__to__PIJN",0.015,86
"ENGAGE__to__THREAT",-0.005,86
"ENGAGE__to__ATTEND",0.014,86
"ENGAGE__to__ENGAGE",0.131,86
"PIJN__to__PIJN",0.341,87
"PIJN__to__THREAT",0.05,87
"PIJN__to__ATTEND",0.074,87
"PIJN__to__ENGAGE",-0.051,87
"THREAT__to__PIJN",0.122,87
"THREAT__to__THREAT",0.277,87
"THREAT__to__ATTEND",0.184,87
"THREAT__to__ENGAGE",-0.015,87
"ATTEND__to__PIJN",0.032,87
"ATTEND__to__THREAT",0.048,87
"ATTEND__to__ATTEND",0.17,87
"ATTEND__to__ENGAGE",0.041,87
"ENGAGE__to__PIJN",0.005,87
"ENGAGE__to__THREAT",0,87
"ENGAGE__to__ATTEND",0.003,87
"ENGAGE__to__ENGAGE",0.128,87
"PIJN__to__PIJN",0.351,88
"PIJN__to__THREAT",0.038,88
"PIJN__to__ATTEND",0.096,88
"PIJN__to__ENGAGE",-0.019,88
"THREAT__to__PIJN",0.112,88
"THREAT__to__THREAT",0.252,88
"THREAT__to__ATTEND",0.141,88
"THREAT__to__ENGAGE",-0.037,88
"ATTEND__to__PIJN",0.057,88
"ATTEND__to__THREAT",0.069,88
"ATTEND__to__ATTEND",0.195,88
"ATTEND__to__ENGAGE",0.028,88
"ENGAGE__to__PIJN",0,88
"ENGAGE__to__THREAT",0.005,88
"ENGAGE__to__ATTEND",-0.017,88
"ENGAGE__to__ENGAGE",0.155,88
"PIJN__to__PIJN",0.35,89
"PIJN__to__THREAT",0.034,89
"PIJN__to__ATTEND",0.062,89
"PIJN__to__ENGAGE",-0.021,89
"THREAT__to__PIJN",0.045,89
"THREAT__to__THREAT",0.271,89
"THREAT__to__ATTEND",0.123,89
"THREAT__to__ENGAGE",-0.018,89
"ATTEND__to__PIJN",0.042,89
"ATTEND__to__THREAT",0.05,89
"ATTEND__to__ATTEND",0.16,89
"ATTEND__to__ENGAGE",0.04,89
"ENGAGE__to__PIJN",0.021,89
"ENGAGE__to__THREAT",0.009,89
"ENGAGE__to__ATTEND",0,89
"ENGAGE__to__ENGAGE",0.152,89
"PIJN__to__PIJN",0.317,90
"PIJN__to__THREAT",0.046,90
"PIJN__to__ATTEND",0.067,90
"PIJN__to__ENGAGE",-0.051,90
"THREAT__to__PIJN",0.111,90
"THREAT__to__THREAT",0.313,90
"THREAT__to__ATTEND",0.102,90
"THREAT__to__ENGAGE",-0.016,90
"ATTEND__to__PIJN",-0.001,90
"ATTEND__to__THREAT",0.041,90
"ATTEND__to__ATTEND",0.212,90
"ATTEND__to__ENGAGE",-0.004,90
"ENGAGE__to__PIJN",-0.012,90
"ENGAGE__to__THREAT",0.001,90
"ENGAGE__to__ATTEND",-0.011,90
"ENGAGE__to__ENGAGE",0.113,90
"PIJN__to__PIJN",0.382,91
"PIJN__to__THREAT",0.037,91
"PIJN__to__ATTEND",0.095,91
"PIJN__to__ENGAGE",-0.074,91
"THREAT__to__PIJN",0.086,91
"THREAT__to__THREAT",0.293,91
"THREAT__to__ATTEND",0.126,91
"THREAT__to__ENGAGE",0.032,91
"ATTEND__to__PIJN",0.01,91
"ATTEND__to__THREAT",0.045,91
"ATTEND__to__ATTEND",0.173,91
"ATTEND__to__ENGAGE",0.035,91
"ENGAGE__to__PIJN",0.016,91
"ENGAGE__to__THREAT",0.003,91
"ENGAGE__to__ATTEND",0.013,91
"ENGAGE__to__ENGAGE",0.112,91
"PIJN__to__PIJN",0.351,92
"PIJN__to__THREAT",0.041,92
"PIJN__to__ATTEND",0.079,92
"PIJN__to__ENGAGE",-0.058,92
"THREAT__to__PIJN",0.112,92
"THREAT__to__THREAT",0.29,92
"THREAT__to__ATTEND",0.154,92
"THREAT__to__ENGAGE",-0.018,92
"ATTEND__to__PIJN",0.037,92
"ATTEND__to__THREAT",0.049,92
"ATTEND__to__ATTEND",0.159,92
"ATTEND__to__ENGAGE",0.008,92
"ENGAGE__to__PIJN",-0.015,92
"ENGAGE__to__THREAT",-0.015,92
"ENGAGE__to__ATTEND",-0.002,92
"ENGAGE__to__ENGAGE",0.161,92
"PIJN__to__PIJN",0.381,93
"PIJN__to__THREAT",0.04,93
"PIJN__to__ATTEND",0.106,93
"PIJN__to__ENGAGE",-0.101,93
"THREAT__to__PIJN",0.085,93
"THREAT__to__THREAT",0.3,93
"THREAT__to__ATTEND",0.116,93
"THREAT__to__ENGAGE",-0.022,93
"ATTEND__to__PIJN",0.026,93
"ATTEND__to__THREAT",0.063,93
"ATTEND__to__ATTEND",0.194,93
"ATTEND__to__ENGAGE",0.039,93
"ENGAGE__to__PIJN",-0.013,93
"ENGAGE__to__THREAT",-0.018,93
"ENGAGE__to__ATTEND",0.001,93
"ENGAGE__to__ENGAGE",0.201,93
"PIJN__to__PIJN",0.348,94
"PIJN__to__THREAT",0.05,94
"PIJN__to__ATTEND",0.089,94
"PIJN__to__ENGAGE",-0.02,94
"THREAT__to__PIJN",0.114,94
"THREAT__to__THREAT",0.334,94
"THREAT__to__ATTEND",0.124,94
"THREAT__to__ENGAGE",-0.066,94
"ATTEND__to__PIJN",0.021,94
"ATTEND__to__THREAT",0.036,94
"ATTEND__to__ATTEND",0.193,94
"ATTEND__to__ENGAGE",0.025,94
"ENGAGE__to__PIJN",-0.001,94
"ENGAGE__to__THREAT",-0.012,94
"ENGAGE__to__ATTEND",-0.01,94
"ENGAGE__to__ENGAGE",0.149,94
"PIJN__to__PIJN",0.349,95
"PIJN__to__THREAT",0.05,95
"PIJN__to__ATTEND",0.113,95
"PIJN__to__ENGAGE",-0.082,95
"THREAT__to__PIJN",0.133,95
"THREAT__to__THREAT",0.325,95
"THREAT__to__ATTEND",0.106,95
"THREAT__to__ENGAGE",-0.021,95
"ATTEND__to__PIJN",0.011,95
"ATTEND__to__THREAT",0.023,95
"ATTEND__to__ATTEND",0.168,95
"ATTEND__to__ENGAGE",0.026,95
"ENGAGE__to__PIJN",0.006,95
"ENGAGE__to__THREAT",0.01,95
"ENGAGE__to__ATTEND",0.015,95
"ENGAGE__to__ENGAGE",0.169,95
"PIJN__to__PIJN",0.333,96
"PIJN__to__THREAT",0.018,96
"PIJN__to__ATTEND",0.073,96
"PIJN__to__ENGAGE",-0.019,96
"THREAT__to__PIJN",0.133,96
"THREAT__to__THREAT",0.327,96
"THREAT__to__ATTEND",0.172,96
"THREAT__to__ENGAGE",-0.044,96
"ATTEND__to__PIJN",0.046,96
"ATTEND__to__THREAT",0.03,96
"ATTEND__to__ATTEND",0.17,96
"ATTEND__to__ENGAGE",0.003,96
"ENGAGE__to__PIJN",-0.005,96
"ENGAGE__to__THREAT",-0.011,96
"ENGAGE__to__ATTEND",-0.023,96
"ENGAGE__to__ENGAGE",0.134,96
"PIJN__to__PIJN",0.287,97
"PIJN__to__THREAT",0.029,97
"PIJN__to__ATTEND",0.047,97
"PIJN__to__ENGAGE",-0.064,97
"THREAT__to__PIJN",0.111,97
"THREAT__to__THREAT",0.315,97
"THREAT__to__ATTEND",0.138,97
"THREAT__to__ENGAGE",-0.016,97
"ATTEND__to__PIJN",0.04,97
"ATTEND__to__THREAT",0.065,97
"ATTEND__to__ATTEND",0.204,97
"ATTEND__to__ENGAGE",0.075,97
"ENGAGE__to__PIJN",0.01,97
"ENGAGE__to__THREAT",0.004,97
"ENGAGE__to__ATTEND",0.012,97
"ENGAGE__to__ENGAGE",0.192,97
"PIJN__to__PIJN",0.35,98
"PIJN__to__THREAT",0.021,98
"PIJN__to__ATTEND",0.038,98
"PIJN__to__ENGAGE",-0.063,98
"THREAT__to__PIJN",0.12,98
"THREAT__to__THREAT",0.315,98
"THREAT__to__ATTEND",0.192,98
"THREAT__to__ENGAGE",-0.053,98
"ATTEND__to__PIJN",0.041,98
"ATTEND__to__THREAT",0.063,98
"ATTEND__to__ATTEND",0.219,98
"ATTEND__to__ENGAGE",0.051,98
"ENGAGE__to__PIJN",-0.001,98
"ENGAGE__to__THREAT",-0.006,98
"ENGAGE__to__ATTEND",-0.009,98
"ENGAGE__to__ENGAGE",0.155,98
"PIJN__to__PIJN",0.318,99
"PIJN__to__THREAT",0.056,99
"PIJN__to__ATTEND",0.055,99
"PIJN__to__ENGAGE",-0.073,99
"THREAT__to__PIJN",0.105,99
"THREAT__to__THREAT",0.3,99
"THREAT__to__ATTEND",0.128,99
"THREAT__to__ENGAGE",0.023,99
"ATTEND__to__PIJN",0.038,99
"ATTEND__to__THREAT",0.048,99
"ATTEND__to__ATTEND",0.203,99
"ATTEND__to__ENGAGE",-0.007,99
"ENGAGE__to__PIJN",0.005,99
"ENGAGE__to__THREAT",0.01,99
"ENGAGE__to__ATTEND",-0.005,99
"ENGAGE__to__ENGAGE",0.138,99
"PIJN__to__PIJN",0.36,100
"PIJN__to__THREAT",0.034,100
"PIJN__to__ATTEND",0.076,100
"PIJN__to__ENGAGE",-0.032,100
"THREAT__to__PIJN",0.102,100
"THREAT__to__THREAT",0.314,100
"THREAT__to__ATTEND",0.128,100
"THREAT__to__ENGAGE",-0.017,100
"ATTEND__to__PIJN",0.01,100
"ATTEND__to__THREAT",0.042,100
"ATTEND__to__ATTEND",0.155,100
"ATTEND__to__ENGAGE",0.016,100
"ENGAGE__to__PIJN",-0.008,100
"ENGAGE__to__THREAT",-0.01,100
"ENGAGE__to__ATTEND",-0.007,100
"ENGAGE__to__ENGAGE",0.185,100
"PIJN__to__PIJN",0.349,101
"PIJN__to__THREAT",0.063,101
"PIJN__to__ATTEND",0.113,101
"PIJN__to__ENGAGE",-0.028,101
"THREAT__to__PIJN",0.097,101
"THREAT__to__THREAT",0.312,101
"THREAT__to__ATTEND",0.091,101
"THREAT__to__ENGAGE",0.051,101
"ATTEND__to__PIJN",0.02,101
"ATTEND__to__THREAT",0.038,101
"ATTEND__to__ATTEND",0.179,101
"ATTEND__to__ENGAGE",-0.014,101
"ENGAGE__to__PIJN",0.017,101
"ENGAGE__to__THREAT",0.014,101
"ENGAGE__to__ATTEND",0.016,101
"ENGAGE__to__ENGAGE",0.148,101
"PIJN__to__PIJN",0.323,102
"PIJN__to__THREAT",0.023,102
"PIJN__to__ATTEND",0.061,102
"PIJN__to__ENGAGE",-0.022,102
"THREAT__to__PIJN",0.101,102
"THREAT__to__THREAT",0.318,102
"THREAT__to__ATTEND",0.138,102
"THREAT__to__ENGAGE",0.006,102
"ATTEND__to__PIJN",0.022,102
"ATTEND__to__THREAT",0.048,102
"ATTEND__to__ATTEND",0.174,102
"ATTEND__to__ENGAGE",0.015,102
"ENGAGE__to__PIJN",-0.001,102
"ENGAGE__to__THREAT",0.002,102
"ENGAGE__to__ATTEND",0.028,102
"ENGAGE__to__ENGAGE",0.188,102
"PIJN__to__PIJN",0.36,103
"PIJN__to__THREAT",0.036,103
"PIJN__to__ATTEND",0.081,103
"PIJN__to__ENGAGE",-0.017,103
"THREAT__to__PIJN",0.103,103
"THREAT__to__THREAT",0.29,103
"THREAT__to__ATTEND",0.124,103
"THREAT__to__ENGAGE",-0.059,103
"ATTEND__to__PIJN",0.045,103
"ATTEND__to__THREAT",0.054,103
"ATTEND__to__ATTEND",0.212,103
"ATTEND__to__ENGAGE",0.019,103
"ENGAGE__to__PIJN",0.001,103
"ENGAGE__to__THREAT",-0.005,103
"ENGAGE__to__ATTEND",-0.015,103
"ENGAGE__to__ENGAGE",0.137,103
"PIJN__to__PIJN",0.337,104
"PIJN__to__THREAT",0.042,104
"PIJN__to__ATTEND",0.086,104
"PIJN__to__ENGAGE",-0.017,104
"THREAT__to__PIJN",0.08,104
"THREAT__to__THREAT",0.272,104
"THREAT__to__ATTEND",0.097,104
"THREAT__to__ENGAGE",0.023,104
"ATTEND__to__PIJN",0.025,104
"ATTEND__to__THREAT",0.058,104
"ATTEND__to__ATTEND",0.183,104
"ATTEND__to__ENGAGE",0.002,104
"ENGAGE__to__PIJN",0.008,104
"ENGAGE__to__THREAT",0.009,104
"ENGAGE__to__ATTEND",-0.009,104
"ENGAGE__to__ENGAGE",0.16,104
"PIJN__to__PIJN",0.336,105
"PIJN__to__THREAT",0.032,105
"PIJN__to__ATTEND",0.088,105
"PIJN__to__ENGAGE",-0.036,105
"THREAT__to__PIJN",0.1,105
"THREAT__to__THREAT",0.321,105
"THREAT__to__ATTEND",0.161,105
"THREAT__to__ENGAGE",-0.044,105
"ATTEND__to__PIJN",0.094,105
"ATTEND__to__THREAT",0.075,105
"ATTEND__to__ATTEND",0.256,105
"ATTEND__to__ENGAGE",0.016,105
"ENGAGE__to__PIJN",0.014,105
"ENGAGE__to__THREAT",0.005,105
"ENGAGE__to__ATTEND",0.004,105
"ENGAGE__to__ENGAGE",0.134,105
"PIJN__to__PIJN",0.379,106
"PIJN__to__THREAT",0.048,106
"PIJN__to__ATTEND",0.071,106
"PIJN__to__ENGAGE",-0.032,106
"THREAT__to__PIJN",0.09,106
"THREAT__to__THREAT",0.301,106
"THREAT__to__ATTEND",0.115,106
"THREAT__to__ENGAGE",-0.035,106
"ATTEND__to__PIJN",-0.009,106
"ATTEND__to__THREAT",0.028,106
"ATTEND__to__ATTEND",0.195,106
"ATTEND__to__ENGAGE",0.014,106
"ENGAGE__to__PIJN",-0.002,106
"ENGAGE__to__THREAT",-0.011,106
"ENGAGE__to__ATTEND",-0.01,106
"ENGAGE__to__ENGAGE",0.162,106
"PIJN__to__PIJN",0.354,107
"PIJN__to__THREAT",0.039,107
"PIJN__to__ATTEND",0.07,107
"PIJN__to__ENGAGE",-0.039,107
"THREAT__to__PIJN",0.066,107
"THREAT__to__THREAT",0.31,107
"THREAT__to__ATTEND",0.123,107
"THREAT__to__ENGAGE",-0.011,107
"ATTEND__to__PIJN",0.032,107
"ATTEND__to__THREAT",0.067,107
"ATTEND__to__ATTEND",0.222,107
"ATTEND__to__ENGAGE",0.003,107
"ENGAGE__to__PIJN",-0.015,107
"ENGAGE__to__THREAT",-0.022,107
"ENGAGE__to__ATTEND",0.012,107
"ENGAGE__to__ENGAGE",0.17,107
"PIJN__to__PIJN",0.355,108
"PIJN__to__THREAT",0.036,108
"PIJN__to__ATTEND",0.09,108
"PIJN__to__ENGAGE",-0.017,108
"THREAT__to__PIJN",0.075,108
"THREAT__to__THREAT",0.277,108
"THREAT__to__ATTEND",0.115,108
"THREAT__to__ENGAGE",0.01,108
"ATTEND__to__PIJN",0.066,108
"ATTEND__to__THREAT",0.045,108
"ATTEND__to__ATTEND",0.192,108
"ATTEND__to__ENGAGE",0.013,108
"ENGAGE__to__PIJN",-0.004,108
"ENGAGE__to__THREAT",-0.004,108
"ENGAGE__to__ATTEND",-0.015,108
"ENGAGE__to__ENGAGE",0.135,108
"PIJN__to__PIJN",0.376,109
"PIJN__to__THREAT",0.065,109
"PIJN__to__ATTEND",0.091,109
"PIJN__to__ENGAGE",-0.006,109
"THREAT__to__PIJN",0.082,109
"THREAT__to__THREAT",0.21,109
"THREAT__to__ATTEND",0.083,109
"THREAT__to__ENGAGE",-0.021,109
"ATTEND__to__PIJN",0.017,109
"ATTEND__to__THREAT",0.051,109
"ATTEND__to__ATTEND",0.18,109
"ATTEND__to__ENGAGE",0.033,109
"ENGAGE__to__PIJN",-0.004,109
"ENGAGE__to__THREAT",-0.007,109
"ENGAGE__to__ATTEND",-0.001,109
"ENGAGE__to__ENGAGE",0.167,109
"PIJN__to__PIJN",0.391,110
"PIJN__to__THREAT",0.042,110
"PIJN__to__ATTEND",0.1,110
"PIJN__to__ENGAGE",-0.075,110
"THREAT__to__PIJN",0.119,110
"THREAT__to__THREAT",0.338,110
"THREAT__to__ATTEND",0.152,110
"THREAT__to__ENGAGE",0.002,110
"ATTEND__to__PIJN",0.03,110
"ATTEND__to__THREAT",0.045,110
"ATTEND__to__ATTEND",0.175,110
"ATTEND__to__ENGAGE",0.011,110
"ENGAGE__to__PIJN",-0.017,110
"ENGAGE__to__THREAT",-0.021,110
"ENGAGE__to__ATTEND",-0.005,110
"ENGAGE__to__ENGAGE",0.159,110
"PIJN__to__PIJN",0.361,111
"PIJN__to__THREAT",0.039,111
"PIJN__to__ATTEND",0.068,111
"PIJN__to__ENGAGE",-0.091,111
"THREAT__to__PIJN",0.083,111
"THREAT__to__THREAT",0.344,111
"THREAT__to__ATTEND",0.116,111
"THREAT__to__ENGAGE",-0.014,111
"ATTEND__to__PIJN",0.022,111
"ATTEND__to__THREAT",0.067,111
"ATTEND__to__ATTEND",0.22,111
"ATTEND__to__ENGAGE",0.074,111
"ENGAGE__to__PIJN",0.006,111
"ENGAGE__to__THREAT",-0.012,111
"ENGAGE__to__ATTEND",0.024,111
"ENGAGE__to__ENGAGE",0.135,111
"PIJN__to__PIJN",0.329,112
"PIJN__to__THREAT",0.067,112
"PIJN__to__ATTEND",0.097,112
"PIJN__to__ENGAGE",-0.049,112
"THREAT__to__PIJN",0.077,112
"THREAT__to__THREAT",0.253,112
"THREAT__to__ATTEND",0.094,112
"THREAT__to__ENGAGE",-0.042,112
"ATTEND__to__PIJN",0.061,112
"ATTEND__to__THREAT",0.062,112
"ATTEND__to__ATTEND",0.235,112
"ATTEND__to__ENGAGE",0.029,112
"ENGAGE__to__PIJN",-0.003,112
"ENGAGE__to__THREAT",-0.009,112
"ENGAGE__to__ATTEND",-0.008,112
"ENGAGE__to__ENGAGE",0.18,112
"PIJN__to__PIJN",0.304,113
"PIJN__to__THREAT",0.03,113
"PIJN__to__ATTEND",0.044,113
"PIJN__to__ENGAGE",-0.08,113
"THREAT__to__PIJN",0.159,113
"THREAT__to__THREAT",0.31,113
"THREAT__to__ATTEND",0.182,113
"THREAT__to__ENGAGE",-0.016,113
"ATTEND__to__PIJN",0.053,113
"ATTEND__to__THREAT",0.06,113
"ATTEND__to__ATTEND",0.197,113
"ATTEND__to__ENGAGE",0.02,113
"ENGAGE__to__PIJN",-0.016,113
"ENGAGE__to__THREAT",-0.011,113
"ENGAGE__to__ATTEND",-0.001,113
"ENGAGE__to__ENGAGE",0.167,113
"PIJN__to__PIJN",0.352,114
"PIJN__to__THREAT",0.039,114
"PIJN__to__ATTEND",0.083,114
"PIJN__to__ENGAGE",-0.019,114
"THREAT__to__PIJN",0.112,114
"THREAT__to__THREAT",0.303,114
"THREAT__to__ATTEND",0.141,114
"THREAT__to__ENGAGE",-0.02,114
"ATTEND__to__PIJN",0.024,114
"ATTEND__to__THREAT",0.059,114
"ATTEND__to__ATTEND",0.195,114
"ATTEND__to__ENGAGE",0,114
"ENGAGE__to__PIJN",-0.001,114
"ENGAGE__to__THREAT",-0.004,114
"ENGAGE__to__ATTEND",0.025,114
"ENGAGE__to__ENGAGE",0.151,114
"PIJN__to__PIJN",0.356,115
"PIJN__to__THREAT",0.05,115
"PIJN__to__ATTEND",0.083,115
"PIJN__to__ENGAGE",-0.027,115
"THREAT__to__PIJN",0.079,115
"THREAT__to__THREAT",0.301,115
"THREAT__to__ATTEND",0.137,115
"THREAT__to__ENGAGE",-0.056,115
"ATTEND__to__PIJN",0.053,115
"ATTEND__to__THREAT",0.037,115
"ATTEND__to__ATTEND",0.167,115
"ATTEND__to__ENGAGE",0.012,115
"ENGAGE__to__PIJN",0.009,115
"ENGAGE__to__THREAT",0.006,115
"ENGAGE__to__ATTEND",0.018,115
"ENGAGE__to__ENGAGE",0.136,115
"PIJN__to__PIJN",0.346,116
"PIJN__to__THREAT",0.049,116
"PIJN__to__ATTEND",0.068,116
"PIJN__to__ENGAGE",-0.039,116
"THREAT__to__PIJN",0.122,116
"THREAT__to__THREAT",0.308,116
"THREAT__to__ATTEND",0.137,116
"THREAT__to__ENGAGE",-0.024,116
"ATTEND__to__PIJN",0.019,116
"ATTEND__to__THREAT",0.056,116
"ATTEND__to__ATTEND",0.189,116
"ATTEND__to__ENGAGE",0.066,116
"ENGAGE__to__PIJN",0.015,116
"ENGAGE__to__THREAT",0.009,116
"ENGAGE__to__ATTEND",0.017,116
"ENGAGE__to__ENGAGE",0.13,116
"PIJN__to__PIJN",0.361,117
"PIJN__to__THREAT",0.054,117
"PIJN__to__ATTEND",0.091,117
"PIJN__to__ENGAGE",-0.006,117
"THREAT__to__PIJN",0.078,117
"THREAT__to__THREAT",0.339,117
"THREAT__to__ATTEND",0.087,117
"THREAT__to__ENGAGE",-0.059,117
"ATTEND__to__PIJN",0.004,117
"ATTEND__to__THREAT",0.007,117
"ATTEND__to__ATTEND",0.197,117
"ATTEND__to__ENGAGE",0.063,117
"ENGAGE__to__PIJN",0.021,117
"ENGAGE__to__THREAT",-0.003,117
"ENGAGE__to__ATTEND",0.002,117
"ENGAGE__to__ENGAGE",0.146,117
"PIJN__to__PIJN",0.295,118
"PIJN__to__THREAT",0.031,118
"PIJN__to__ATTEND",0.067,118
"PIJN__to__ENGAGE",-0.075,118
"THREAT__to__PIJN",0.086,118
"THREAT__to__THREAT",0.293,118
"THREAT__to__ATTEND",0.173,118
"THREAT__to__ENGAGE",0.034,118
"ATTEND__to__PIJN",0.063,118
"ATTEND__to__THREAT",0.051,118
"ATTEND__to__ATTEND",0.143,118
"ATTEND__to__ENGAGE",0.003,118
"ENGAGE__to__PIJN",0.018,118
"ENGAGE__to__THREAT",0.005,118
"ENGAGE__to__ATTEND",0.003,118
"ENGAGE__to__ENGAGE",0.143,118
"PIJN__to__PIJN",0.317,119
"PIJN__to__THREAT",0.032,119
"PIJN__to__ATTEND",0.081,119
"PIJN__to__ENGAGE",-0.066,119
"THREAT__to__PIJN",0.117,119
"THREAT__to__THREAT",0.318,119
"THREAT__to__ATTEND",0.153,119
"THREAT__to__ENGAGE",-0.019,119
"ATTEND__to__PIJN",0.043,119
"ATTEND__to__THREAT",0.05,119
"ATTEND__to__ATTEND",0.159,119
"ATTEND__to__ENGAGE",0.005,119
"ENGAGE__to__PIJN",-0.017,119
"ENGAGE__to__THREAT",-0.009,119
"ENGAGE__to__ATTEND",-0.023,119
"ENGAGE__to__ENGAGE",0.137,119
"PIJN__to__PIJN",0.318,120
"PIJN__to__THREAT",0.06,120
"PIJN__to__ATTEND",0.09,120
"PIJN__to__ENGAGE",-0.064,120
"THREAT__to__PIJN",0.097,120
"THREAT__to__THREAT",0.294,120
"THREAT__to__ATTEND",0.077,120
"THREAT__to__ENGAGE",-0.005,120
"ATTEND__to__PIJN",0.048,120
"ATTEND__to__THREAT",0.027,120
"ATTEND__to__ATTEND",0.195,120
"ATTEND__to__ENGAGE",0.05,120
"ENGAGE__to__PIJN",0.02,120
"ENGAGE__to__THREAT",0.011,120
"ENGAGE__to__ATTEND",0.013,120
"ENGAGE__to__ENGAGE",0.158,120
"PIJN__to__PIJN",0.305,121
"PIJN__to__THREAT",0.051,121
"PIJN__to__ATTEND",0.056,121
"PIJN__to__ENGAGE",-0.031,121
"THREAT__to__PIJN",0.131,121
"THREAT__to__THREAT",0.254,121
"THREAT__to__ATTEND",0.124,121
"THREAT__to__ENGAGE",0.015,121
"ATTEND__to__PIJN",0.033,121
"ATTEND__to__THREAT",0.065,121
"ATTEND__to__ATTEND",0.191,121
"ATTEND__to__ENGAGE",0.004,121
"ENGAGE__to__PIJN",-0.003,121
"ENGAGE__to__THREAT",-0.003,121
"ENGAGE__to__ATTEND",-0.018,121
"ENGAGE__to__ENGAGE",0.151,121
"PIJN__to__PIJN",0.378,122
"PIJN__to__THREAT",0.043,122
"PIJN__to__ATTEND",0.101,122
"PIJN__to__ENGAGE",-0.003,122
"THREAT__to__PIJN",0.064,122
"THREAT__to__THREAT",0.254,122
"THREAT__to__ATTEND",0.158,122
"THREAT__to__ENGAGE",-0.037,122
"ATTEND__to__PIJN",0.079,122
"ATTEND__to__THREAT",0.079,122
"ATTEND__to__ATTEND",0.181,122
"ATTEND__to__ENGAGE",-0.008,122
"ENGAGE__to__PIJN",0.015,122
"ENGAGE__to__THREAT",0.006,122
"ENGAGE__to__ATTEND",0.02,122
"ENGAGE__to__ENGAGE",0.174,122
"PIJN__to__PIJN",0.322,123
"PIJN__to__THREAT",0.051,123
"PIJN__to__ATTEND",0.074,123
"PIJN__to__ENGAGE",-0.015,123
"THREAT__to__PIJN",0.1,123
"THREAT__to__THREAT",0.265,123
"THREAT__to__ATTEND",0.149,123
"THREAT__to__ENGAGE",-0.034,123
"ATTEND__to__PIJN",0.039,123
"ATTEND__to__THREAT",0.046,123
"ATTEND__to__ATTEND",0.143,123
"ATTEND__to__ENGAGE",0.036,123
"ENGAGE__to__PIJN",-0.004,123
"ENGAGE__to__THREAT",0,123
"ENGAGE__to__ATTEND",-0.014,123
"ENGAGE__to__ENGAGE",0.142,123
"PIJN__to__PIJN",0.305,124
"PIJN__to__THREAT",0.03,124
"PIJN__to__ATTEND",0.059,124
"PIJN__to__ENGAGE",-0.037,124
"THREAT__to__PIJN",0.087,124
"THREAT__to__THREAT",0.271,124
"THREAT__to__ATTEND",0.114,124
"THREAT__to__ENGAGE",-0.055,124
"ATTEND__to__PIJN",0.032,124
"ATTEND__to__THREAT",0.043,124
"ATTEND__to__ATTEND",0.152,124
"ATTEND__to__ENGAGE",0.029,124
"ENGAGE__to__PIJN",0.005,124
"ENGAGE__to__THREAT",-0.005,124
"ENGAGE__to__ATTEND",0.003,124
"ENGAGE__to__ENGAGE",0.168,124
"PIJN__to__PIJN",0.356,125
"PIJN__to__THREAT",0.033,125
"PIJN__to__ATTEND",0.084,125
"PIJN__to__ENGAGE",-0.061,125
"THREAT__to__PIJN",0.087,125
"THREAT__to__THREAT",0.313,125
"THREAT__to__ATTEND",0.162,125
"THREAT__to__ENGAGE",0.006,125
"ATTEND__to__PIJN",0.061,125
"ATTEND__to__THREAT",0.057,125
"ATTEND__to__ATTEND",0.208,125
"ATTEND__to__ENGAGE",0.023,125
"ENGAGE__to__PIJN",0.007,125
"ENGAGE__to__THREAT",0.002,125
"ENGAGE__to__ATTEND",0.018,125
"ENGAGE__to__ENGAGE",0.169,125
"PIJN__to__PIJN",0.329,126
"PIJN__to__THREAT",0.025,126
"PIJN__to__ATTEND",0.042,126
"PIJN__to__ENGAGE",-0.058,126
"THREAT__to__PIJN",0.106,126
"THREAT__to__THREAT",0.325,126
"THREAT__to__ATTEND",0.193,126
"THREAT__to__ENGAGE",-0.009,126
"ATTEND__to__PIJN",0.017,126
"ATTEND__to__THREAT",0.048,126
"ATTEND__to__ATTEND",0.171,126
"ATTEND__to__ENGAGE",0.049,126
"ENGAGE__to__PIJN",0,126
"ENGAGE__to__THREAT",-0.005,126
"ENGAGE__to__ATTEND",0.017,126
"ENGAGE__to__ENGAGE",0.168,126
"PIJN__to__PIJN",0.383,127
"PIJN__to__THREAT",0.06,127
"PIJN__to__ATTEND",0.111,127
"PIJN__to__ENGAGE",-0.052,127
"THREAT__to__PIJN",0.092,127
"THREAT__to__THREAT",0.276,127
"THREAT__to__ATTEND",0.095,127
"THREAT__to__ENGAGE",-0.042,127
"ATTEND__to__PIJN",0.02,127
"ATTEND__to__THREAT",0.043,127
"ATTEND__to__ATTEND",0.21,127
"ATTEND__to__ENGAGE",0.064,127
"ENGAGE__to__PIJN",0.018,127
"ENGAGE__to__THREAT",0.004,127
"ENGAGE__to__ATTEND",0.002,127
"ENGAGE__to__ENGAGE",0.126,127
"PIJN__to__PIJN",0.367,128
"PIJN__to__THREAT",0.042,128
"PIJN__to__ATTEND",0.124,128
"PIJN__to__ENGAGE",-0.056,128
"THREAT__to__PIJN",0.09,128
"THREAT__to__THREAT",0.264,128
"THREAT__to__ATTEND",0.12,128
"THREAT__to__ENGAGE",-0.006,128
"ATTEND__to__PIJN",0.07,128
"ATTEND__to__THREAT",0.041,128
"ATTEND__to__ATTEND",0.158,128
"ATTEND__to__ENGAGE",-0.012,128
"ENGAGE__to__PIJN",-0.004,128
"ENGAGE__to__THREAT",0.007,128
"ENGAGE__to__ATTEND",0.002,128
"ENGAGE__to__ENGAGE",0.139,128
"PIJN__to__PIJN",0.335,129
"PIJN__to__THREAT",0.057,129
"PIJN__to__ATTEND",0.082,129
"PIJN__to__ENGAGE",-0.049,129
"THREAT__to__PIJN",0.104,129
"THREAT__to__THREAT",0.286,129
"THREAT__to__ATTEND",0.136,129
"THREAT__to__ENGAGE",-0.049,129
"ATTEND__to__PIJN",0.038,129
"ATTEND__to__THREAT",0.038,129
"ATTEND__to__ATTEND",0.203,129
"ATTEND__to__ENGAGE",0.055,129
"ENGAGE__to__PIJN",-0.008,129
"ENGAGE__to__THREAT",-0.006,129
"ENGAGE__to__ATTEND",-0.019,129
"ENGAGE__to__ENGAGE",0.16,129
"PIJN__to__PIJN",0.362,130
"PIJN__to__THREAT",0.042,130
"PIJN__to__ATTEND",0.085,130
"PIJN__to__ENGAGE",-0.014,130
"THREAT__to__PIJN",0.053,130
"THREAT__to__THREAT",0.25,130
"THREAT__to__ATTEND",0.121,130
"THREAT__to__ENGAGE",-0.032,130
"ATTEND__to__PIJN",0.072,130
"ATTEND__to__THREAT",0.066,130
"ATTEND__to__ATTEND",0.208,130
"ATTEND__to__ENGAGE",-0.01,130
"ENGAGE__to__PIJN",0.003,130
"ENGAGE__to__THREAT",0.005,130
"ENGAGE__to__ATTEND",0.003,130
"ENGAGE__to__ENGAGE",0.198,130
"PIJN__to__PIJN",0.341,131
"PIJN__to__THREAT",0.05,131
"PIJN__to__ATTEND",0.074,131
"PIJN__to__ENGAGE",-0.044,131
"THREAT__to__PIJN",0.101,131
"THREAT__to__THREAT",0.309,131
"THREAT__to__ATTEND",0.119,131
"THREAT__to__ENGAGE",0.045,131
"ATTEND__to__PIJN",0.05,131
"ATTEND__to__THREAT",0.041,131
"ATTEND__to__ATTEND",0.186,131
"ATTEND__to__ENGAGE",-0.002,131
"ENGAGE__to__PIJN",0.001,131
"ENGAGE__to__THREAT",0.006,131
"ENGAGE__to__ATTEND",-0.005,131
"ENGAGE__to__ENGAGE",0.107,131
"PIJN__to__PIJN",0.316,132
"PIJN__to__THREAT",0.028,132
"PIJN__to__ATTEND",0.106,132
"PIJN__to__ENGAGE",-0.056,132
"THREAT__to__PIJN",0.078,132
"THREAT__to__THREAT",0.312,132
"THREAT__to__ATTEND",0.079,132
"THREAT__to__ENGAGE",-0.015,132
"ATTEND__to__PIJN",0.09,132
"ATTEND__to__THREAT",0.05,132
"ATTEND__to__ATTEND",0.228,132
"ATTEND__to__ENGAGE",0.055,132
"ENGAGE__to__PIJN",0.022,132
"ENGAGE__to__THREAT",0.017,132
"ENGAGE__to__ATTEND",0.006,132
"ENGAGE__to__ENGAGE",0.128,132
"PIJN__to__PIJN",0.354,133
"PIJN__to__THREAT",0.054,133
"PIJN__to__ATTEND",0.101,133
"PIJN__to__ENGAGE",-0.061,133
"THREAT__to__PIJN",0.092,133
"THREAT__to__THREAT",0.295,133
"THREAT__to__ATTEND",0.12,133
"THREAT__to__ENGAGE",-0.035,133
"ATTEND__to__PIJN",0.034,133
"ATTEND__to__THREAT",0.075,133
"ATTEND__to__ATTEND",0.208,133
"ATTEND__to__ENGAGE",0.027,133
"ENGAGE__to__PIJN",-0.008,133
"ENGAGE__to__THREAT",-0.012,133
"ENGAGE__to__ATTEND",-0.004,133
"ENGAGE__to__ENGAGE",0.195,133
"PIJN__to__PIJN",0.358,134
"PIJN__to__THREAT",0.034,134
"PIJN__to__ATTEND",0.083,134
"PIJN__to__ENGAGE",-0.03,134
"THREAT__to__PIJN",0.034,134
"THREAT__to__THREAT",0.257,134
"THREAT__to__ATTEND",0.066,134
"THREAT__to__ENGAGE",-0.019,134
"ATTEND__to__PIJN",0.04,134
"ATTEND__to__THREAT",0.059,134
"ATTEND__to__ATTEND",0.244,134
"ATTEND__to__ENGAGE",0.025,134
"ENGAGE__to__PIJN",-0.007,134
"ENGAGE__to__THREAT",-0.01,134
"ENGAGE__to__ATTEND",-0.01,134
"ENGAGE__to__ENGAGE",0.185,134
"PIJN__to__PIJN",0.34,135
"PIJN__to__THREAT",0.03,135
"PIJN__to__ATTEND",0.067,135
"PIJN__to__ENGAGE",-0.026,135
"THREAT__to__PIJN",0.088,135
"THREAT__to__THREAT",0.29,135
"THREAT__to__ATTEND",0.118,135
"THREAT__to__ENGAGE",-0.016,135
"ATTEND__to__PIJN",0.008,135
"ATTEND__to__THREAT",0.06,135
"ATTEND__to__ATTEND",0.178,135
"ATTEND__to__ENGAGE",0.007,135
"ENGAGE__to__PIJN",-0.015,135
"ENGAGE__to__THREAT",-0.009,135
"ENGAGE__to__ATTEND",-0.012,135
"ENGAGE__to__ENGAGE",0.135,135
"PIJN__to__PIJN",0.363,136
"PIJN__to__THREAT",0.044,136
"PIJN__to__ATTEND",0.069,136
"PIJN__to__ENGAGE",-0.076,136
"THREAT__to__PIJN",0.087,136
"THREAT__to__THREAT",0.278,136
"THREAT__to__ATTEND",0.135,136
"THREAT__to__ENGAGE",-0.017,136
"ATTEND__to__PIJN",0,136
"ATTEND__to__THREAT",0.061,136
"ATTEND__to__ATTEND",0.186,136
"ATTEND__to__ENGAGE",0.064,136
"ENGAGE__to__PIJN",-0.008,136
"ENGAGE__to__THREAT",-0.005,136
"ENGAGE__to__ATTEND",-0.006,136
"ENGAGE__to__ENGAGE",0.16,136
"PIJN__to__PIJN",0.346,137
"PIJN__to__THREAT",0.033,137
"PIJN__to__ATTEND",0.087,137
"PIJN__to__ENGAGE",-0.05,137
"THREAT__to__PIJN",0.085,137
"THREAT__to__THREAT",0.33,137
"THREAT__to__ATTEND",0.134,137
"THREAT__to__ENGAGE",-0.076,137
"ATTEND__to__PIJN",0.043,137
"ATTEND__to__THREAT",0.049,137
"ATTEND__to__ATTEND",0.206,137
"ATTEND__to__ENGAGE",0.043,137
"ENGAGE__to__PIJN",0.002,137
"ENGAGE__to__THREAT",-0.005,137
"ENGAGE__to__ATTEND",-0.009,137
"ENGAGE__to__ENGAGE",0.155,137
"PIJN__to__PIJN",0.315,138
"PIJN__to__THREAT",0.021,138
"PIJN__to__ATTEND",0.087,138
"PIJN__to__ENGAGE",-0.076,138
"THREAT__to__PIJN",0.094,138
"THREAT__to__THREAT",0.326,138
"THREAT__to__ATTEND",0.123,138
"THREAT__to__ENGAGE",0.007,138
"ATTEND__to__PIJN",0.044,138
"ATTEND__to__THREAT",0.055,138
"ATTEND__to__ATTEND",0.215,138
"ATTEND__to__ENGAGE",0.039,138
"ENGAGE__to__PIJN",0.024,138
"ENGAGE__to__THREAT",0.007,138
"ENGAGE__to__ATTEND",0.008,138
"ENGAGE__to__ENGAGE",0.166,138
"PIJN__to__PIJN",0.364,139
"PIJN__to__THREAT",0.043,139
"PIJN__to__ATTEND",0.098,139
"PIJN__to__ENGAGE",-0.052,139
"THREAT__to__PIJN",0.101,139
"THREAT__to__THREAT",0.297,139
"THREAT__to__ATTEND",0.126,139
"THREAT__to__ENGAGE",0.003,139
"ATTEND__to__PIJN",0.047,139
"ATTEND__to__THREAT",0.066,139
"ATTEND__to__ATTEND",0.187,139
"ATTEND__to__ENGAGE",-0.018,139
"ENGAGE__to__PIJN",0.023,139
"ENGAGE__to__THREAT",0.014,139
"ENGAGE__to__ATTEND",0.011,139
"ENGAGE__to__ENGAGE",0.175,139
"PIJN__to__PIJN",0.368,140
"PIJN__to__THREAT",0.051,140
"PIJN__to__ATTEND",0.08,140
"PIJN__to__ENGAGE",-0.043,140
"THREAT__to__PIJN",0.118,140
"THREAT__to__THREAT",0.284,140
"THREAT__to__ATTEND",0.129,140
"THREAT__to__ENGAGE",-0.029,140
"ATTEND__to__PIJN",0.033,140
"ATTEND__to__THREAT",0.064,140
"ATTEND__to__ATTEND",0.188,140
"ATTEND__to__ENGAGE",0.006,140
"ENGAGE__to__PIJN",0.008,140
"ENGAGE__to__THREAT",-0.001,140
"ENGAGE__to__ATTEND",0.012,140
"ENGAGE__to__ENGAGE",0.141,140
"PIJN__to__PIJN",0.353,141
"PIJN__to__THREAT",0.039,141
"PIJN__to__ATTEND",0.103,141
"PIJN__to__ENGAGE",-0.042,141
"THREAT__to__PIJN",0.128,141
"THREAT__to__THREAT",0.336,141
"THREAT__to__ATTEND",0.144,141
"THREAT__to__ENGAGE",-0.055,141
"ATTEND__to__PIJN",0.02,141
"ATTEND__to__THREAT",0.042,141
"ATTEND__to__ATTEND",0.165,141
"ATTEND__to__ENGAGE",0.013,141
"ENGAGE__to__PIJN",-0.007,141
"ENGAGE__to__THREAT",0.003,141
"ENGAGE__to__ATTEND",-0.005,141
"ENGAGE__to__ENGAGE",0.161,141
"PIJN__to__PIJN",0.32,142
"PIJN__to__THREAT",0.031,142
"PIJN__to__ATTEND",0.065,142
"PIJN__to__ENGAGE",-0.064,142
"THREAT__to__PIJN",0.135,142
"THREAT__to__THREAT",0.303,142
"THREAT__to__ATTEND",0.155,142
"THREAT__to__ENGAGE",0.026,142
"ATTEND__to__PIJN",0.041,142
"ATTEND__to__THREAT",0.06,142
"ATTEND__to__ATTEND",0.205,142
"ATTEND__to__ENGAGE",-0.008,142
"ENGAGE__to__PIJN",0,142
"ENGAGE__to__THREAT",0.002,142
"ENGAGE__to__ATTEND",-0.009,142
"ENGAGE__to__ENGAGE",0.179,142
"PIJN__to__PIJN",0.358,143
"PIJN__to__THREAT",0.061,143
"PIJN__to__ATTEND",0.116,143
"PIJN__to__ENGAGE",-0.087,143
"THREAT__to__PIJN",0.088,143
"THREAT__to__THREAT",0.321,143
"THREAT__to__ATTEND",0.08,143
"THREAT__to__ENGAGE",0.018,143
"ATTEND__to__PIJN",0.025,143
"ATTEND__to__THREAT",0.015,143
"ATTEND__to__ATTEND",0.152,143
"ATTEND__to__ENGAGE",0.022,143
"ENGAGE__to__PIJN",-0.011,143
"ENGAGE__to__THREAT",-0.014,143
"ENGAGE__to__ATTEND",0.015,143
"ENGAGE__to__ENGAGE",0.141,143
"PIJN__to__PIJN",0.359,144
"PIJN__to__THREAT",0.039,144
"PIJN__to__ATTEND",0.094,144
"PIJN__to__ENGAGE",-0.027,144
"THREAT__to__PIJN",0.074,144
"THREAT__to__THREAT",0.303,144
"THREAT__to__ATTEND",0.125,144
"THREAT__to__ENGAGE",-0.031,144
"ATTEND__to__PIJN",0.064,144
"ATTEND__to__THREAT",0.044,144
"ATTEND__to__ATTEND",0.207,144
"ATTEND__to__ENGAGE",0.025,144
"ENGAGE__to__PIJN",-0.01,144
"ENGAGE__to__THREAT",-0.008,144
"ENGAGE__to__ATTEND",-0.007,144
"ENGAGE__to__ENGAGE",0.15,144
"PIJN__to__PIJN",0.328,145
"PIJN__to__THREAT",0.038,145
"PIJN__to__ATTEND",0.09,145
"PIJN__to__ENGAGE",-0.066,145
"THREAT__to__PIJN",0.091,145
"THREAT__to__THREAT",0.253,145
"THREAT__to__ATTEND",0.125,145
"THREAT__to__ENGAGE",-0.044,145
"ATTEND__to__PIJN",0.055,145
"ATTEND__to__THREAT",0.069,145
"ATTEND__to__ATTEND",0.157,145
"ATTEND__to__ENGAGE",0.038,145
"ENGAGE__to__PIJN",-0.001,145
"ENGAGE__to__THREAT",0.002,145
"ENGAGE__to__ATTEND",-0.019,145
"ENGAGE__to__ENGAGE",0.093,145
"PIJN__to__PIJN",0.36,146
"PIJN__to__THREAT",0.03,146
"PIJN__to__ATTEND",0.069,146
"PIJN__to__ENGAGE",-0.069,146
"THREAT__to__PIJN",0.104,146
"THREAT__to__THREAT",0.38,146
"THREAT__to__ATTEND",0.145,146
"THREAT__to__ENGAGE",-0.01,146
"ATTEND__to__PIJN",0.048,146
"ATTEND__to__THREAT",0.063,146
"ATTEND__to__ATTEND",0.23,146
"ATTEND__to__ENGAGE",0.025,146
"ENGAGE__to__PIJN",0.005,146
"ENGAGE__to__THREAT",-0.006,146
"ENGAGE__to__ATTEND",-0.003,146
"ENGAGE__to__ENGAGE",0.149,146
"PIJN__to__PIJN",0.372,147
"PIJN__to__THREAT",0.045,147
"PIJN__to__ATTEND",0.087,147
"PIJN__to__ENGAGE",-0.085,147
"THREAT__to__PIJN",0.128,147
"THREAT__to__THREAT",0.347,147
"THREAT__to__ATTEND",0.173,147
"THREAT__to__ENGAGE",-0.028,147
"ATTEND__to__PIJN",0.038,147
"ATTEND__to__THREAT",0.023,147
"ATTEND__to__ATTEND",0.14,147
"ATTEND__to__ENGAGE",0.058,147
"ENGAGE__to__PIJN",0.016,147
"ENGAGE__to__THREAT",0,147
"ENGAGE__to__ATTEND",0.014,147
"ENGAGE__to__ENGAGE",0.144,147
"PIJN__to__PIJN",0.383,148
"PIJN__to__THREAT",0.054,148
"PIJN__to__ATTEND",0.085,148
"PIJN__to__ENGAGE",-0.052,148
"THREAT__to__PIJN",0.097,148
"THREAT__to__THREAT",0.305,148
"THREAT__to__ATTEND",0.13,148
"THREAT__to__ENGAGE",0.013,148
"ATTEND__to__PIJN",0.018,148
"ATTEND__to__THREAT",0.009,148
"ATTEND__to__ATTEND",0.173,148
"ATTEND__to__ENGAGE",0.035,148
"ENGAGE__to__PIJN",0.009,148
"ENGAGE__to__THREAT",0.005,148
"ENGAGE__to__ATTEND",-0.001,148
"ENGAGE__to__ENGAGE",0.147,148
"PIJN__to__PIJN",0.32,149
"PIJN__to__THREAT",0.067,149
"PIJN__to__ATTEND",0.087,149
"PIJN__to__ENGAGE",-0.046,149
"THREAT__to__PIJN",0.12,149
"THREAT__to__THREAT",0.293,149
"THREAT__to__ATTEND",0.153,149
"THREAT__to__ENGAGE",-0.047,149
"ATTEND__to__PIJN",0.081,149
"ATTEND__to__THREAT",0.038,149
"ATTEND__to__ATTEND",0.198,149
"ATTEND__to__ENGAGE",0.058,149
"ENGAGE__to__PIJN",0.009,149
"ENGAGE__to__THREAT",0.003,149
"ENGAGE__to__ATTEND",0.007,149
"ENGAGE__to__ENGAGE",0.11,149
"PIJN__to__PIJN",0.319,150
"PIJN__to__THREAT",0.063,150
"PIJN__to__ATTEND",0.105,150
"PIJN__to__ENGAGE",-0.013,150
"THREAT__to__PIJN",0.113,150
"THREAT__to__THREAT",0.316,150
"THREAT__to__ATTEND",0.091,150
"THREAT__to__ENGAGE",-0.062,150
"ATTEND__to__PIJN",0.036,150
"ATTEND__to__THREAT",0.02,150
"ATTEND__to__ATTEND",0.187,150
"ATTEND__to__ENGAGE",0.063,150
"ENGAGE__to__PIJN",-0.013,150
"ENGAGE__to__THREAT",-0.015,150
"ENGAGE__to__ATTEND",-0.007,150
"ENGAGE__to__ENGAGE",0.194,150
"PIJN__to__PIJN",0.369,151
"PIJN__to__THREAT",0.04,151
"PIJN__to__ATTEND",0.081,151
"PIJN__to__ENGAGE",-0.061,151
"THREAT__to__PIJN",0.072,151
"THREAT__to__THREAT",0.334,151
"THREAT__to__ATTEND",0.149,151
"THREAT__to__ENGAGE",-0.013,151
"ATTEND__to__PIJN",0.038,151
"ATTEND__to__THREAT",0.05,151
"ATTEND__to__ATTEND",0.204,151
"ATTEND__to__ENGAGE",0.022,151
"ENGAGE__to__PIJN",-0.002,151
"ENGAGE__to__THREAT",-0.006,151
"ENGAGE__to__ATTEND",-0.007,151
"ENGAGE__to__ENGAGE",0.133,151
"PIJN__to__PIJN",0.367,152
"PIJN__to__THREAT",0.056,152
"PIJN__to__ATTEND",0.078,152
"PIJN__to__ENGAGE",-0.04,152
"THREAT__to__PIJN",0.152,152
"THREAT__to__THREAT",0.352,152
"THREAT__to__ATTEND",0.158,152
"THREAT__to__ENGAGE",-0.042,152
"ATTEND__to__PIJN",0.027,152
"ATTEND__to__THREAT",0.007,152
"ATTEND__to__ATTEND",0.163,152
"ATTEND__to__ENGAGE",0.011,152
"ENGAGE__to__PIJN",0.003,152
"ENGAGE__to__THREAT",-0.011,152
"ENGAGE__to__ATTEND",0.004,152
"ENGAGE__to__ENGAGE",0.154,152
"PIJN__to__PIJN",0.313,153
"PIJN__to__THREAT",0.038,153
"PIJN__to__ATTEND",0.086,153
"PIJN__to__ENGAGE",-0.045,153
"THREAT__to__PIJN",0.118,153
"THREAT__to__THREAT",0.276,153
"THREAT__to__ATTEND",0.153,153
"THREAT__to__ENGAGE",0.014,153
"ATTEND__to__PIJN",0.058,153
"ATTEND__to__THREAT",0.075,153
"ATTEND__to__ATTEND",0.192,153
"ATTEND__to__ENGAGE",0.017,153
"ENGAGE__to__PIJN",-0.001,153
"ENGAGE__to__THREAT",0.002,153
"ENGAGE__to__ATTEND",-0.008,153
"ENGAGE__to__ENGAGE",0.144,153
"PIJN__to__PIJN",0.321,154
"PIJN__to__THREAT",0.027,154
"PIJN__to__ATTEND",0.084,154
"PIJN__to__ENGAGE",-0.033,154
"THREAT__to__PIJN",0.123,154
"THREAT__to__THREAT",0.295,154
"THREAT__to__ATTEND",0.182,154
"THREAT__to__ENGAGE",-0.028,154
"ATTEND__to__PIJN",0.036,154
"ATTEND__to__THREAT",0.028,154
"ATTEND__to__ATTEND",0.154,154
"ATTEND__to__ENGAGE",0.006,154
"ENGAGE__to__PIJN",0.011,154
"ENGAGE__to__THREAT",0.003,154
"ENGAGE__to__ATTEND",-0.004,154
"ENGAGE__to__ENGAGE",0.153,154
"PIJN__to__PIJN",0.36,155
"PIJN__to__THREAT",0.028,155
"PIJN__to__ATTEND",0.07,155
"PIJN__to__ENGAGE",-0.049,155
"THREAT__to__PIJN",0.09,155
"THREAT__to__THREAT",0.26,155
"THREAT__to__ATTEND",0.147,155
"THREAT__to__ENGAGE",-0.033,155
"ATTEND__to__PIJN",0.018,155
"ATTEND__to__THREAT",0.05,155
"ATTEND__to__ATTEND",0.169,155
"ATTEND__to__ENGAGE",0.026,155
"ENGAGE__to__PIJN",0.004,155
"ENGAGE__to__THREAT",0.003,155
"ENGAGE__to__ATTEND",-0.005,155
"ENGAGE__to__ENGAGE",0.169,155
"PIJN__to__PIJN",0.371,156
"PIJN__to__THREAT",0.063,156
"PIJN__to__ATTEND",0.081,156
"PIJN__to__ENGAGE",-0.036,156
"THREAT__to__PIJN",0.076,156
"THREAT__to__THREAT",0.289,156
"THREAT__to__ATTEND",0.137,156
"THREAT__to__ENGAGE",0.004,156
"ATTEND__to__PIJN",0.03,156
"ATTEND__to__THREAT",0.056,156
"ATTEND__to__ATTEND",0.19,156
"ATTEND__to__ENGAGE",0.001,156
"ENGAGE__to__PIJN",0.011,156
"ENGAGE__to__THREAT",0.013,156
"ENGAGE__to__ATTEND",0.014,156
"ENGAGE__to__ENGAGE",0.148,156
"PIJN__to__PIJN",0.372,157
"PIJN__to__THREAT",0.077,157
"PIJN__to__ATTEND",0.127,157
"PIJN__to__ENGAGE",-0.064,157
"THREAT__to__PIJN",0.065,157
"THREAT__to__THREAT",0.32,157
"THREAT__to__ATTEND",0.113,157
"THREAT__to__ENGAGE",-0.021,157
"ATTEND__to__PIJN",0.074,157
"ATTEND__to__THREAT",0.047,157
"ATTEND__to__ATTEND",0.201,157
"ATTEND__to__ENGAGE",-0.002,157
"ENGAGE__to__PIJN",0.039,157
"ENGAGE__to__THREAT",0.021,157
"ENGAGE__to__ATTEND",0.019,157
"ENGAGE__to__ENGAGE",0.132,157
"PIJN__to__PIJN",0.315,158
"PIJN__to__THREAT",0.05,158
"PIJN__to__ATTEND",0.072,158
"PIJN__to__ENGAGE",-0.06,158
"THREAT__to__PIJN",0.099,158
"THREAT__to__THREAT",0.295,158
"THREAT__to__ATTEND",0.125,158
"THREAT__to__ENGAGE",-0.027,158
"ATTEND__to__PIJN",0.003,158
"ATTEND__to__THREAT",0.008,158
"ATTEND__to__ATTEND",0.167,158
"ATTEND__to__ENGAGE",0.036,158
"ENGAGE__to__PIJN",-0.02,158
"ENGAGE__to__THREAT",-0.012,158
"ENGAGE__to__ATTEND",-0.009,158
"ENGAGE__to__ENGAGE",0.163,158
"PIJN__to__PIJN",0.342,159
"PIJN__to__THREAT",0.024,159
"PIJN__to__ATTEND",0.092,159
"PIJN__to__ENGAGE",-0.076,159
"THREAT__to__PIJN",0.09,159
"THREAT__to__THREAT",0.282,159
"THREAT__to__ATTEND",0.135,159
"THREAT__to__ENGAGE",0.012,159
"ATTEND__to__PIJN",0.071,159
"ATTEND__to__THREAT",0.073,159
"ATTEND__to__ATTEND",0.222,159
"ATTEND__to__ENGAGE",-0.001,159
"ENGAGE__to__PIJN",-0.002,159
"ENGAGE__to__THREAT",0.004,159
"ENGAGE__to__ATTEND",-0.017,159
"ENGAGE__to__ENGAGE",0.163,159
"PIJN__to__PIJN",0.343,160
"PIJN__to__THREAT",0.04,160
"PIJN__to__ATTEND",0.063,160
"PIJN__to__ENGAGE",-0.074,160
"THREAT__to__PIJN",0.138,160
"THREAT__to__THREAT",0.351,160
"THREAT__to__ATTEND",0.164,160
"THREAT__to__ENGAGE",0.014,160
"ATTEND__to__PIJN",0.01,160
"ATTEND__to__THREAT",0.006,160
"ATTEND__to__ATTEND",0.139,160
"ATTEND__to__ENGAGE",0.036,160
"ENGAGE__to__PIJN",0.005,160
"ENGAGE__to__THREAT",-0.005,160
"ENGAGE__to__ATTEND",0.006,160
"ENGAGE__to__ENGAGE",0.144,160
"PIJN__to__PIJN",0.357,161
"PIJN__to__THREAT",0.033,161
"PIJN__to__ATTEND",0.102,161
"PIJN__to__ENGAGE",-0.012,161
"THREAT__to__PIJN",0.07,161
"THREAT__to__THREAT",0.275,161
"THREAT__to__ATTEND",0.113,161
"THREAT__to__ENGAGE",0,161
"ATTEND__to__PIJN",0.074,161
"ATTEND__to__THREAT",0.084,161
"ATTEND__to__ATTEND",0.23,161
"ATTEND__to__ENGAGE",-0.025,161
"ENGAGE__to__PIJN",0.007,161
"ENGAGE__to__THREAT",0.007,161
"ENGAGE__to__ATTEND",0.011,161
"ENGAGE__to__ENGAGE",0.165,161
"PIJN__to__PIJN",0.347,162
"PIJN__to__THREAT",0.033,162
"PIJN__to__ATTEND",0.089,162
"PIJN__to__ENGAGE",-0.046,162
"THREAT__to__PIJN",0.088,162
"THREAT__to__THREAT",0.281,162
"THREAT__to__ATTEND",0.121,162
"THREAT__to__ENGAGE",0.037,162
"ATTEND__to__PIJN",0.063,162
"ATTEND__to__THREAT",0.06,162
"ATTEND__to__ATTEND",0.194,162
"ATTEND__to__ENGAGE",0.012,162
"ENGAGE__to__PIJN",-0.007,162
"ENGAGE__to__THREAT",-0.005,162
"ENGAGE__to__ATTEND",-0.011,162
"ENGAGE__to__ENGAGE",0.11,162
"PIJN__to__PIJN",0.361,163
"PIJN__to__THREAT",0.061,163
"PIJN__to__ATTEND",0.103,163
"PIJN__to__ENGAGE",-0.058,163
"THREAT__to__PIJN",0.081,163
"THREAT__to__THREAT",0.271,163
"THREAT__to__ATTEND",0.093,163
"THREAT__to__ENGAGE",-0.038,163
"ATTEND__to__PIJN",0.045,163
"ATTEND__to__THREAT",0.076,163
"ATTEND__to__ATTEND",0.184,163
"ATTEND__to__ENGAGE",0.028,163
"ENGAGE__to__PIJN",0.012,163
"ENGAGE__to__THREAT",0.012,163
"ENGAGE__to__ATTEND",0.012,163
"ENGAGE__to__ENGAGE",0.161,163
"PIJN__to__PIJN",0.351,164
"PIJN__to__THREAT",0.051,164
"PIJN__to__ATTEND",0.075,164
"PIJN__to__ENGAGE",-0.085,164
"THREAT__to__PIJN",0.144,164
"THREAT__to__THREAT",0.311,164
"THREAT__to__ATTEND",0.165,164
"THREAT__to__ENGAGE",-0.018,164
"ATTEND__to__PIJN",0.048,164
"ATTEND__to__THREAT",0.027,164
"ATTEND__to__ATTEND",0.18,164
"ATTEND__to__ENGAGE",0.03,164
"ENGAGE__to__PIJN",-0.002,164
"ENGAGE__to__THREAT",-0.002,164
"ENGAGE__to__ATTEND",-0.003,164
"ENGAGE__to__ENGAGE",0.148,164
"PIJN__to__PIJN",0.329,165
"PIJN__to__THREAT",0.038,165
"PIJN__to__ATTEND",0.1,165
"PIJN__to__ENGAGE",-0.058,165
"THREAT__to__PIJN",0.075,165
"THREAT__to__THREAT",0.241,165
"THREAT__to__ATTEND",0.106,165
"THREAT__to__ENGAGE",-0.03,165
"ATTEND__to__PIJN",0.044,165
"ATTEND__to__THREAT",0.079,165
"ATTEND__to__ATTEND",0.219,165
"ATTEND__to__ENGAGE",0.007,165
"ENGAGE__to__PIJN",0.007,165
"ENGAGE__to__THREAT",0.009,165
"ENGAGE__to__ATTEND",-0.013,165
"ENGAGE__to__ENGAGE",0.14,165
"PIJN__to__PIJN",0.329,166
"PIJN__to__THREAT",0.054,166
"PIJN__to__ATTEND",0.066,166
"PIJN__to__ENGAGE",-0.045,166
"THREAT__to__PIJN",0.105,166
"THREAT__to__THREAT",0.309,166
"THREAT__to__ATTEND",0.158,166
"THREAT__to__ENGAGE",-0.003,166
"ATTEND__to__PIJN",0.042,166
"ATTEND__to__THREAT",0.021,166
"ATTEND__to__ATTEND",0.166,166
"ATTEND__to__ENGAGE",0.049,166
"ENGAGE__to__PIJN",0.004,166
"ENGAGE__to__THREAT",-0.007,166
"ENGAGE__to__ATTEND",-0.001,166
"ENGAGE__to__ENGAGE",0.162,166
"PIJN__to__PIJN",0.393,167
"PIJN__to__THREAT",0.058,167
"PIJN__to__ATTEND",0.134,167
"PIJN__to__ENGAGE",-0.052,167
"THREAT__to__PIJN",0.078,167
"THREAT__to__THREAT",0.312,167
"THREAT__to__ATTEND",0.091,167
"THREAT__to__ENGAGE",0.015,167
"ATTEND__to__PIJN",0.049,167
"ATTEND__to__THREAT",0.028,167
"ATTEND__to__ATTEND",0.192,167
"ATTEND__to__ENGAGE",0.014,167
"ENGAGE__to__PIJN",-0.007,167
"ENGAGE__to__THREAT",-0.003,167
"ENGAGE__to__ATTEND",0.003,167
"ENGAGE__to__ENGAGE",0.183,167
"PIJN__to__PIJN",0.339,168
"PIJN__to__THREAT",0.059,168
"PIJN__to__ATTEND",0.081,168
"PIJN__to__ENGAGE",-0.014,168
"THREAT__to__PIJN",0.045,168
"THREAT__to__THREAT",0.224,168
"THREAT__to__ATTEND",0.071,168
"THREAT__to__ENGAGE",0.002,168
"ATTEND__to__PIJN",0.048,168
"ATTEND__to__THREAT",0.042,168
"ATTEND__to__ATTEND",0.199,168
"ATTEND__to__ENGAGE",0.041,168
"ENGAGE__to__PIJN",-0.001,168
"ENGAGE__to__THREAT",0,168
"ENGAGE__to__ATTEND",-0.001,168
"ENGAGE__to__ENGAGE",0.166,168
"PIJN__to__PIJN",0.372,169
"PIJN__to__THREAT",0.056,169
"PIJN__to__ATTEND",0.091,169
"PIJN__to__ENGAGE",-0.048,169
"THREAT__to__PIJN",0.117,169
"THREAT__to__THREAT",0.307,169
"THREAT__to__ATTEND",0.137,169
"THREAT__to__ENGAGE",0.016,169
"ATTEND__to__PIJN",0.035,169
"ATTEND__to__THREAT",0.024,169
"ATTEND__to__ATTEND",0.187,169
"ATTEND__to__ENGAGE",0.004,169
"ENGAGE__to__PIJN",-0.01,169
"ENGAGE__to__THREAT",-0.007,169
"ENGAGE__to__ATTEND",-0.002,169
"ENGAGE__to__ENGAGE",0.136,169
"PIJN__to__PIJN",0.338,170
"PIJN__to__THREAT",0.063,170
"PIJN__to__ATTEND",0.089,170
"PIJN__to__ENGAGE",-0.046,170
"THREAT__to__PIJN",0.121,170
"THREAT__to__THREAT",0.318,170
"THREAT__to__ATTEND",0.101,170
"THREAT__to__ENGAGE",-0.025,170
"ATTEND__to__PIJN",0.037,170
"ATTEND__to__THREAT",0.013,170
"ATTEND__to__ATTEND",0.174,170
"ATTEND__to__ENGAGE",0.051,170
"ENGAGE__to__PIJN",-0.009,170
"ENGAGE__to__THREAT",-0.007,170
"ENGAGE__to__ATTEND",0.007,170
"ENGAGE__to__ENGAGE",0.123,170
"PIJN__to__PIJN",0.368,171
"PIJN__to__THREAT",0.05,171
"PIJN__to__ATTEND",0.104,171
"PIJN__to__ENGAGE",-0.049,171
"THREAT__to__PIJN",0.131,171
"THREAT__to__THREAT",0.315,171
"THREAT__to__ATTEND",0.134,171
"THREAT__to__ENGAGE",-0.031,171
"ATTEND__to__PIJN",0.018,171
"ATTEND__to__THREAT",0.025,171
"ATTEND__to__ATTEND",0.177,171
"ATTEND__to__ENGAGE",0.03,171
"ENGAGE__to__PIJN",0.019,171
"ENGAGE__to__THREAT",0.003,171
"ENGAGE__to__ATTEND",0.01,171
"ENGAGE__to__ENGAGE",0.14,171
"PIJN__to__PIJN",0.352,172
"PIJN__to__THREAT",0.026,172
"PIJN__to__ATTEND",0.108,172
"PIJN__to__ENGAGE",-0.034,172
"THREAT__to__PIJN",0.1,172
"THREAT__to__THREAT",0.335,172
"THREAT__to__ATTEND",0.129,172
"THREAT__to__ENGAGE",0.005,172
"ATTEND__to__PIJN",0.056,172
"ATTEND__to__THREAT",0.043,172
"ATTEND__to__ATTEND",0.143,172
"ATTEND__to__ENGAGE",0.005,172
"ENGAGE__to__PIJN",-0.005,172
"ENGAGE__to__THREAT",0.001,172
"ENGAGE__to__ATTEND",-0.004,172
"ENGAGE__to__ENGAGE",0.144,172
"PIJN__to__PIJN",0.352,173
"PIJN__to__THREAT",0.032,173
"PIJN__to__ATTEND",0.097,173
"PIJN__to__ENGAGE",-0.011,173
"THREAT__to__PIJN",0.055,173
"THREAT__to__THREAT",0.236,173
"THREAT__to__ATTEND",0.13,173
"THREAT__to__ENGAGE",-0.008,173
"ATTEND__to__PIJN",0.095,173
"ATTEND__to__THREAT",0.072,173
"ATTEND__to__ATTEND",0.192,173
"ATTEND__to__ENGAGE",0.001,173
"ENGAGE__to__PIJN",0.015,173
"ENGAGE__to__THREAT",0.01,173
"ENGAGE__to__ATTEND",0.021,173
"ENGAGE__to__ENGAGE",0.151,173
"PIJN__to__PIJN",0.331,174
"PIJN__to__THREAT",0.029,174
"PIJN__to__ATTEND",0.114,174
"PIJN__to__ENGAGE",-0.032,174
"THREAT__to__PIJN",0.07,174
"THREAT__to__THREAT",0.247,174
"THREAT__to__ATTEND",0.094,174
"THREAT__to__ENGAGE",0.006,174
"ATTEND__to__PIJN",0.073,174
"ATTEND__to__THREAT",0.058,174
"ATTEND__to__ATTEND",0.168,174
"ATTEND__to__ENGAGE",0.003,174
"ENGAGE__to__PIJN",-0.012,174
"ENGAGE__to__THREAT",-0.003,174
"ENGAGE__to__ATTEND",-0.012,174
"ENGAGE__to__ENGAGE",0.204,174
"PIJN__to__PIJN",0.351,175
"PIJN__to__THREAT",0.039,175
"PIJN__to__ATTEND",0.067,175
"PIJN__to__ENGAGE",-0.031,175
"THREAT__to__PIJN",0.119,175
"THREAT__to__THREAT",0.294,175
"THREAT__to__ATTEND",0.175,175
"THREAT__to__ENGAGE",-0.05,175
"ATTEND__to__PIJN",0.019,175
"ATTEND__to__THREAT",0.052,175
"ATTEND__to__ATTEND",0.146,175
"ATTEND__to__ENGAGE",0.023,175
"ENGAGE__to__PIJN",-0.006,175
"ENGAGE__to__THREAT",-0.006,175
"ENGAGE__to__ATTEND",-0.019,175
"ENGAGE__to__ENGAGE",0.169,175
"PIJN__to__PIJN",0.295,176
"PIJN__to__THREAT",0.049,176
"PIJN__to__ATTEND",0.062,176
"PIJN__to__ENGAGE",-0.048,176
"THREAT__to__PIJN",0.089,176
"THREAT__to__THREAT",0.26,176
"THREAT__to__ATTEND",0.098,176
"THREAT__to__ENGAGE",0.008,176
"ATTEND__to__PIJN",0.063,176
"ATTEND__to__THREAT",0.018,176
"ATTEND__to__ATTEND",0.204,176
"ATTEND__to__ENGAGE",0.045,176
"ENGAGE__to__PIJN",-0.013,176
"ENGAGE__to__THREAT",-0.015,176
"ENGAGE__to__ATTEND",-0.01,176
"ENGAGE__to__ENGAGE",0.155,176
"PIJN__to__PIJN",0.356,177
"PIJN__to__THREAT",0.058,177
"PIJN__to__ATTEND",0.088,177
"PIJN__to__ENGAGE",-0.065,177
"THREAT__to__PIJN",0.103,177
"THREAT__to__THREAT",0.281,177
"THREAT__to__ATTEND",0.115,177
"THREAT__to__ENGAGE",-0.057,177
"ATTEND__to__PIJN",0.035,177
"ATTEND__to__THREAT",0.05,177
"ATTEND__to__ATTEND",0.214,177
"ATTEND__to__ENGAGE",0.046,177
"ENGAGE__to__PIJN",-0.007,177
"ENGAGE__to__THREAT",-0.014,177
"ENGAGE__to__ATTEND",0.008,177
"ENGAGE__to__ENGAGE",0.177,177
"PIJN__to__PIJN",0.382,178
"PIJN__to__THREAT",0.075,178
"PIJN__to__ATTEND",0.121,178
"PIJN__to__ENGAGE",-0.035,178
"THREAT__to__PIJN",0.078,178
"THREAT__to__THREAT",0.239,178
"THREAT__to__ATTEND",0.103,178
"THREAT__to__ENGAGE",0.029,178
"ATTEND__to__PIJN",0.049,178
"ATTEND__to__THREAT",0.05,178
"ATTEND__to__ATTEND",0.174,178
"ATTEND__to__ENGAGE",-0.011,178
"ENGAGE__to__PIJN",-0.013,178
"ENGAGE__to__THREAT",0.001,178
"ENGAGE__to__ATTEND",0.006,178
"ENGAGE__to__ENGAGE",0.168,178
"PIJN__to__PIJN",0.355,179
"PIJN__to__THREAT",0.04,179
"PIJN__to__ATTEND",0.061,179
"PIJN__to__ENGAGE",-0.032,179
"THREAT__to__PIJN",0.072,179
"THREAT__to__THREAT",0.273,179
"THREAT__to__ATTEND",0.155,179
"THREAT__to__ENGAGE",-0.038,179
"ATTEND__to__PIJN",0.068,179
"ATTEND__to__THREAT",0.07,179
"ATTEND__to__ATTEND",0.222,179
"ATTEND__to__ENGAGE",0.031,179
"ENGAGE__to__PIJN",0.001,179
"ENGAGE__to__THREAT",-0.001,179
"ENGAGE__to__ATTEND",-0.006,179
"ENGAGE__to__ENGAGE",0.17,179
"PIJN__to__PIJN",0.378,180
"PIJN__to__THREAT",0.035,180
"PIJN__to__ATTEND",0.105,180
"PIJN__to__ENGAGE",-0.017,180
"THREAT__to__PIJN",0.065,180
"THREAT__to__THREAT",0.31,180
"THREAT__to__ATTEND",0.135,180
"THREAT__to__ENGAGE",0,180
"ATTEND__to__PIJN",0.063,180
"ATTEND__to__THREAT",0.077,180
"ATTEND__to__ATTEND",0.182,180
"ATTEND__to__ENGAGE",-0.036,180
"ENGAGE__to__PIJN",-0.016,180
"ENGAGE__to__THREAT",-0.013,180
"ENGAGE__to__ATTEND",-0.017,180
"ENGAGE__to__ENGAGE",0.165,180
"PIJN__to__PIJN",0.364,181
"PIJN__to__THREAT",0.069,181
"PIJN__to__ATTEND",0.111,181
"PIJN__to__ENGAGE",-0.1,181
"THREAT__to__PIJN",0.08,181
"THREAT__to__THREAT",0.282,181
"THREAT__to__ATTEND",0.101,181
"THREAT__to__ENGAGE",-0.024,181
"ATTEND__to__PIJN",0.024,181
"ATTEND__to__THREAT",0.028,181
"ATTEND__to__ATTEND",0.172,181
"ATTEND__to__ENGAGE",0.046,181
"ENGAGE__to__PIJN",-0.006,181
"ENGAGE__to__THREAT",-0.006,181
"ENGAGE__to__ATTEND",-0.008,181
"ENGAGE__to__ENGAGE",0.154,181
"PIJN__to__PIJN",0.294,182
"PIJN__to__THREAT",0.026,182
"PIJN__to__ATTEND",0.084,182
"PIJN__to__ENGAGE",-0.047,182
"THREAT__to__PIJN",0.101,182
"THREAT__to__THREAT",0.305,182
"THREAT__to__ATTEND",0.144,182
"THREAT__to__ENGAGE",-0.057,182
"ATTEND__to__PIJN",0.042,182
"ATTEND__to__THREAT",0.041,182
"ATTEND__to__ATTEND",0.17,182
"ATTEND__to__ENGAGE",0.051,182
"ENGAGE__to__PIJN",-0.01,182
"ENGAGE__to__THREAT",-0.012,182
"ENGAGE__to__ATTEND",-0.015,182
"ENGAGE__to__ENGAGE",0.161,182
"PIJN__to__PIJN",0.342,183
"PIJN__to__THREAT",0.046,183
"PIJN__to__ATTEND",0.089,183
"PIJN__to__ENGAGE",-0.047,183
"THREAT__to__PIJN",0.093,183
"THREAT__to__THREAT",0.281,183
"THREAT__to__ATTEND",0.099,183
"THREAT__to__ENGAGE",-0.013,183
"ATTEND__to__PIJN",0.011,183
"ATTEND__to__THREAT",0.037,183
"ATTEND__to__ATTEND",0.164,183
"ATTEND__to__ENGAGE",0.039,183
"ENGAGE__to__PIJN",0.014,183
"ENGAGE__to__THREAT",0.008,183
"ENGAGE__to__ATTEND",-0.009,183
"ENGAGE__to__ENGAGE",0.129,183
"PIJN__to__PIJN",0.299,184
"PIJN__to__THREAT",0.06,184
"PIJN__to__ATTEND",0.099,184
"PIJN__to__ENGAGE",-0.058,184
"THREAT__to__PIJN",0.135,184
"THREAT__to__THREAT",0.327,184
"THREAT__to__ATTEND",0.103,184
"THREAT__to__ENGAGE",0.022,184
"ATTEND__to__PIJN",0.065,184
"ATTEND__to__THREAT",0.06,184
"ATTEND__to__ATTEND",0.214,184
"ATTEND__to__ENGAGE",-0.013,184
"ENGAGE__to__PIJN",-0.004,184
"ENGAGE__to__THREAT",0.002,184
"ENGAGE__to__ATTEND",-0.018,184
"ENGAGE__to__ENGAGE",0.147,184
"PIJN__to__PIJN",0.348,185
"PIJN__to__THREAT",0.036,185
"PIJN__to__ATTEND",0.107,185
"PIJN__to__ENGAGE",-0.094,185
"THREAT__to__PIJN",0.09,185
"THREAT__to__THREAT",0.305,185
"THREAT__to__ATTEND",0.125,185
"THREAT__to__ENGAGE",0.021,185
"ATTEND__to__PIJN",0.048,185
"ATTEND__to__THREAT",0.043,185
"ATTEND__to__ATTEND",0.141,185
"ATTEND__to__ENGAGE",0.033,185
"ENGAGE__to__PIJN",0.014,185
"ENGAGE__to__THREAT",0.014,185
"ENGAGE__to__ATTEND",0.018,185
"ENGAGE__to__ENGAGE",0.169,185
"PIJN__to__PIJN",0.357,186
"PIJN__to__THREAT",0.068,186
"PIJN__to__ATTEND",0.096,186
"PIJN__to__ENGAGE",-0.036,186
"THREAT__to__PIJN",0.101,186
"THREAT__to__THREAT",0.273,186
"THREAT__to__ATTEND",0.104,186
"THREAT__to__ENGAGE",-0.027,186
"ATTEND__to__PIJN",0.026,186
"ATTEND__to__THREAT",0.044,186
"ATTEND__to__ATTEND",0.201,186
"ATTEND__to__ENGAGE",0.053,186
"ENGAGE__to__PIJN",0.003,186
"ENGAGE__to__THREAT",-0.002,186
"ENGAGE__to__ATTEND",0.007,186
"ENGAGE__to__ENGAGE",0.133,186
"PIJN__to__PIJN",0.345,187
"PIJN__to__THREAT",0.037,187
"PIJN__to__ATTEND",0.088,187
"PIJN__to__ENGAGE",-0.039,187
"THREAT__to__PIJN",0.079,187
"THREAT__to__THREAT",0.253,187
"THREAT__to__ATTEND",0.134,187
"THREAT__to__ENGAGE",-0.002,187
"ATTEND__to__PIJN",0.05,187
"ATTEND__to__THREAT",0.084,187
"ATTEND__to__ATTEND",0.184,187
"ATTEND__to__ENGAGE",-0.01,187
"ENGAGE__to__PIJN",0.013,187
"ENGAGE__to__THREAT",0.009,187
"ENGAGE__to__ATTEND",0.009,187
"ENGAGE__to__ENGAGE",0.164,187
"PIJN__to__PIJN",0.359,188
"PIJN__to__THREAT",0.042,188
"PIJN__to__ATTEND",0.093,188
"PIJN__to__ENGAGE",-0.039,188
"THREAT__to__PIJN",0.073,188
"THREAT__to__THREAT",0.27,188
"THREAT__to__ATTEND",0.098,188
"THREAT__to__ENGAGE",0.016,188
"ATTEND__to__PIJN",0.021,188
"ATTEND__to__THREAT",0.026,188
"ATTEND__to__ATTEND",0.148,188
"ATTEND__to__ENGAGE",0.009,188
"ENGAGE__to__PIJN",-0.001,188
"ENGAGE__to__THREAT",-0.005,188
"ENGAGE__to__ATTEND",0.002,188
"ENGAGE__to__ENGAGE",0.158,188
"PIJN__to__PIJN",0.361,189
"PIJN__to__THREAT",0.037,189
"PIJN__to__ATTEND",0.106,189
"PIJN__to__ENGAGE",-0.023,189
"THREAT__to__PIJN",0.105,189
"THREAT__to__THREAT",0.29,189
"THREAT__to__ATTEND",0.126,189
"THREAT__to__ENGAGE",-0.022,189
"ATTEND__to__PIJN",0.057,189
"ATTEND__to__THREAT",0.063,189
"ATTEND__to__ATTEND",0.201,189
"ATTEND__to__ENGAGE",-0.014,189
"ENGAGE__to__PIJN",0.02,189
"ENGAGE__to__THREAT",-0.001,189
"ENGAGE__to__ATTEND",0.02,189
"ENGAGE__to__ENGAGE",0.12,189
"PIJN__to__PIJN",0.362,190
"PIJN__to__THREAT",0.053,190
"PIJN__to__ATTEND",0.086,190
"PIJN__to__ENGAGE",-0.07,190
"THREAT__to__PIJN",0.117,190
"THREAT__to__THREAT",0.345,190
"THREAT__to__ATTEND",0.118,190
"THREAT__to__ENGAGE",-0.003,190
"ATTEND__to__PIJN",0.023,190
"ATTEND__to__THREAT",0.029,190
"ATTEND__to__ATTEND",0.2,190
"ATTEND__to__ENGAGE",0.064,190
"ENGAGE__to__PIJN",0.011,190
"ENGAGE__to__THREAT",-0.009,190
"ENGAGE__to__ATTEND",0.018,190
"ENGAGE__to__ENGAGE",0.129,190
"PIJN__to__PIJN",0.359,191
"PIJN__to__THREAT",0.044,191
"PIJN__to__ATTEND",0.066,191
"PIJN__to__ENGAGE",-0.086,191
"THREAT__to__PIJN",0.116,191
"THREAT__to__THREAT",0.345,191
"THREAT__to__ATTEND",0.161,191
"THREAT__to__ENGAGE",0.011,191
"ATTEND__to__PIJN",0.01,191
"ATTEND__to__THREAT",0.041,191
"ATTEND__to__ATTEND",0.19,191
"ATTEND__to__ENGAGE",0.069,191
"ENGAGE__to__PIJN",0.009,191
"ENGAGE__to__THREAT",-0.002,191
"ENGAGE__to__ATTEND",-0.001,191
"ENGAGE__to__ENGAGE",0.108,191
"PIJN__to__PIJN",0.3,192
"PIJN__to__THREAT",0.038,192
"PIJN__to__ATTEND",0.08,192
"PIJN__to__ENGAGE",-0.022,192
"THREAT__to__PIJN",0.115,192
"THREAT__to__THREAT",0.296,192
"THREAT__to__ATTEND",0.138,192
"THREAT__to__ENGAGE",0.004,192
"ATTEND__to__PIJN",0.042,192
"ATTEND__to__THREAT",0.033,192
"ATTEND__to__ATTEND",0.148,192
"ATTEND__to__ENGAGE",0.01,192
"ENGAGE__to__PIJN",0.001,192
"ENGAGE__to__THREAT",0.006,192
"ENGAGE__to__ATTEND",-0.019,192
"ENGAGE__to__ENGAGE",0.141,192
"PIJN__to__PIJN",0.333,193
"PIJN__to__THREAT",0.044,193
"PIJN__to__ATTEND",0.067,193
"PIJN__to__ENGAGE",0.004,193
"THREAT__to__PIJN",0.067,193
"THREAT__to__THREAT",0.259,193
"THREAT__to__ATTEND",0.126,193
"THREAT__to__ENGAGE",-0.008,193
"ATTEND__to__PIJN",0.018,193
"ATTEND__to__THREAT",0.048,193
"ATTEND__to__ATTEND",0.192,193
"ATTEND__to__ENGAGE",0.014,193
"ENGAGE__to__PIJN",0,193
"ENGAGE__to__THREAT",-0.003,193
"ENGAGE__to__ATTEND",-0.01,193
"ENGAGE__to__ENGAGE",0.168,193
"PIJN__to__PIJN",0.322,194
"PIJN__to__THREAT",0.045,194
"PIJN__to__ATTEND",0.037,194
"PIJN__to__ENGAGE",-0.035,194
"THREAT__to__PIJN",0.071,194
"THREAT__to__THREAT",0.269,194
"THREAT__to__ATTEND",0.134,194
"THREAT__to__ENGAGE",-0.065,194
"ATTEND__to__PIJN",0.033,194
"ATTEND__to__THREAT",0.045,194
"ATTEND__to__ATTEND",0.167,194
"ATTEND__to__ENGAGE",0.031,194
"ENGAGE__to__PIJN",0.003,194
"ENGAGE__to__THREAT",0.003,194
"ENGAGE__to__ATTEND",0.01,194
"ENGAGE__to__ENGAGE",0.176,194
"PIJN__to__PIJN",0.339,195
"PIJN__to__THREAT",0.035,195
"PIJN__to__ATTEND",0.091,195
"PIJN__to__ENGAGE",-0.049,195
"THREAT__to__PIJN",0.109,195
"THREAT__to__THREAT",0.29,195
"THREAT__to__ATTEND",0.126,195
"THREAT__to__ENGAGE",-0.025,195
"ATTEND__to__PIJN",0.064,195
"ATTEND__to__THREAT",0.041,195
"ATTEND__to__ATTEND",0.215,195
"ATTEND__to__ENGAGE",0.053,195
"ENGAGE__to__PIJN",0,195
"ENGAGE__to__THREAT",-0.006,195
"ENGAGE__to__ATTEND",-0.003,195
"ENGAGE__to__ENGAGE",0.123,195
"PIJN__to__PIJN",0.357,196
"PIJN__to__THREAT",0.051,196
"PIJN__to__ATTEND",0.08,196
"PIJN__to__ENGAGE",-0.06,196
"THREAT__to__PIJN",0.051,196
"THREAT__to__THREAT",0.297,196
"THREAT__to__ATTEND",0.077,196
"THREAT__to__ENGAGE",-0.065,196
"ATTEND__to__PIJN",0.036,196
"ATTEND__to__THREAT",0.066,196
"ATTEND__to__ATTEND",0.234,196
"ATTEND__to__ENGAGE",0.038,196
"ENGAGE__to__PIJN",-0.023,196
"ENGAGE__to__THREAT",-0.017,196
"ENGAGE__to__ATTEND",-0.003,196
"ENGAGE__to__ENGAGE",0.202,196
"PIJN__to__PIJN",0.375,197
"PIJN__to__THREAT",0.034,197
"PIJN__to__ATTEND",0.084,197
"PIJN__to__ENGAGE",-0.061,197
"THREAT__to__PIJN",0.126,197
"THREAT__to__THREAT",0.281,197
"THREAT__to__ATTEND",0.166,197
"THREAT__to__ENGAGE",-0.017,197
"ATTEND__to__PIJN",0.032,197
"ATTEND__to__THREAT",0.063,197
"ATTEND__to__ATTEND",0.183,197
"ATTEND__to__ENGAGE",0.025,197
"ENGAGE__to__PIJN",0.021,197
"ENGAGE__to__THREAT",0.011,197
"ENGAGE__to__ATTEND",0.026,197
"ENGAGE__to__ENGAGE",0.198,197
"PIJN__to__PIJN",0.369,198
"PIJN__to__THREAT",0.055,198
"PIJN__to__ATTEND",0.067,198
"PIJN__to__ENGAGE",-0.019,198
"THREAT__to__PIJN",0.088,198
"THREAT__to__THREAT",0.248,198
"THREAT__to__ATTEND",0.16,198
"THREAT__to__ENGAGE",-0.026,198
"ATTEND__to__PIJN",0.04,198
"ATTEND__to__THREAT",0.047,198
"ATTEND__to__ATTEND",0.202,198
"ATTEND__to__ENGAGE",0.019,198
"ENGAGE__to__PIJN",-0.011,198
"ENGAGE__to__THREAT",-0.004,198
"ENGAGE__to__ATTEND",-0.001,198
"ENGAGE__to__ENGAGE",0.163,198
"PIJN__to__PIJN",0.349,199
"PIJN__to__THREAT",0.055,199
"PIJN__to__ATTEND",0.101,199
"PIJN__to__ENGAGE",-0.034,199
"THREAT__to__PIJN",0.082,199
"THREAT__to__THREAT",0.21,199
"THREAT__to__ATTEND",0.099,199
"THREAT__to__ENGAGE",-0.015,199
"ATTEND__to__PIJN",0.02,199
"ATTEND__to__THREAT",0.07,199
"ATTEND__to__ATTEND",0.181,199
"ATTEND__to__ENGAGE",0.039,199
"ENGAGE__to__PIJN",0.002,199
"ENGAGE__to__THREAT",0.003,199
"ENGAGE__to__ATTEND",-0.001,199
"ENGAGE__to__ENGAGE",0.176,199
"PIJN__to__PIJN",0.351,200
"PIJN__to__THREAT",0.04,200
"PIJN__to__ATTEND",0.066,200
"PIJN__to__ENGAGE",-0.057,200
"THREAT__to__PIJN",0.075,200
"THREAT__to__THREAT",0.32,200
"THREAT__to__ATTEND",0.147,200
"THREAT__to__ENGAGE",0.001,200
"ATTEND__to__PIJN",0.062,200
"ATTEND__to__THREAT",0.095,200
"ATTEND__to__ATTEND",0.248,200
"ATTEND__to__ENGAGE",0.004,200
"ENGAGE__to__PIJN",0.002,200
"ENGAGE__to__THREAT",-0.005,200
"ENGAGE__to__ATTEND",-0.004,200
"ENGAGE__to__ENGAGE",0.192,200
